siteId,name,calory,carbo,protein,fat,fiber,activity1,activity2,activity3,activity4
0,,,,,,,,,,
8,جگر سیاه گوساله، خام,104,0,18.3,3.4,0,14,11,29,25
9,جگر سیاه گوسفند، خام,137,0,20.3,6.2,0,19,14,38,33
3,تخم مرغ آب پز,155,1.1,12.6,10.6,0,22,16,44,37
2,تخم مرغ سفیده خشک,295,0,73.7,0,0,41,31,83,71
1,تخم مرغ سفیده خام,52,0.7,11,0.2,0,7,5,14,12
10,جگر سیاه سرخ شده گوساله ,176,0,22.3,9.6,0,25,18,50,42
4,تخم مرغ نیمرو با روغن,191,0.7,11.7,15.4,0,27,20,54,46
12,جگر سیاه (به آرامی پخته ) گاو نر ,198,3,24.8,9.5,0,28,21,56,48
13,مرغ کامل، خام,201,0,19.1,13.8,0,28,21,57,49
7,جگر سیاه گاو نر، خام,155,0,21.1,7.8,0,22,16,44,37
6,سوسیس جگر سیاه,226,6,13.4,16.7,0.5,32,24,64,55
14,پوست مرغ، خام,474,0,9.7,48.3,0,67,50,134,115
11,جگر سیاه سرخ شده گوسفند ,237,0,30.1,12.9,0,33,25,67,57
15,جگر سیاه مرغ، خام,92,0,17.7,2.3,0,13,9,26,22
5,جگر سفید,92,0,16,3,0,13,9,26,22
17,سوپ خامه با مرغ,64,10.4,8.9,6.5,1,9,6,18,15
18,پای پخته مرغ,215,0.2,19,15,0,30,22,61,52
20,گوشت مرغ بریان شده با پوست,216,0,22.6,14,0,30,23,61,52
21,گوشت ران مرغ با پوست، خام,193,0,18.3,13.3,0,27,20,54,47
22,بال مرغ بریان شده با پوست,226,0,24.8,13,0,32,24,64,55
16,جگر سیاه سرخ شده مرغ,169,0,22.1,8.9,0,24,18,48,41
24,قطعات مکعبی عصاره مرغ، برند الیت,178,23.5,6.8,6.8,0,25,18,50,43
25,مرغ بریان شده با پوست,218,0,26.3,12.5,0,30,23,61,53
19,سینه مرغ،  سرخ شده,197,0.5,30,8,0,28,20,56,48
28,ران کامل مرغ بریان شده با پوست ,236,0,20.9,16.9,0,33,25,67,57
29,قطعات مرغ سرخ شده,259,0,26.9,16.8,0,36,27,73,63
23,ران مرغ بریان شده با پوست,185,0,25.8,9.1,0,26,19,52,45
26,مرغ کامل وزن شده با استخوان,131,0,12.4,9,0,18,13,37,31
31,مغز دانه آفتابگردان,582,24,19,50,11,82,62,165,141
27,مرغ در سس سفید تهیه شده با شیر,164,4.9,16.9,8.7,0.1,23,17,46,40
33,دل گوسفند، خام,119,0,17.1,5.6,0,16,12,33,29
30,شکلات مغزدار گردویی,278,34.1,3,31.9,0.2,39,29,79,67
34,دل گوسفند بریان شده,226,0,25.3,13.9,0,32,24,64,55
36,زبان کنسرو شده,213,0,16,16.5,0,30,22,60,51
37,زبان گوسفند، خام,193,0,15.3,14.6,0,27,20,54,47
38,زبان گوساله، خام,220,0,15.7,17.5,0,31,23,62,53
32,دل گاو نر، خام,104,0,18.2,3.5,0,14,11,29,25
35,زبان گوسفند به آرامی پخته,287,0,18.3,24,0,40,30,81,70
39,زبان گوساله به آرامی پخته,224,3.7,15,16,0,31,23,63,54
41,جگر، دل، سنگدان و گردن مرغ ، آب پز,156,0,22.9,7.1,0,22,16,44,38
40,جگر، دل، سنگدان و گردن مرغ، خام,142,0,17.1,8.2,0,20,15,40,34
45,قلوه گوسفند، خام,91,0,17,2.6,0,12,9,25,22
42,سوسیس سرخ شده,301,2,12,27,0,42,32,85,73
44,قلوه گاو، خام,88,0,17.2,2.1,0,12,9,25,21
46,قلوه سرخ شده گوسفند ,188,0,23.7,10.3,0,26,20,53,45
43,سیرابی خام,94,2,11.7,4,0,13,10,26,22
47,قلوه گاو نر، پخته,138,0,24.5,4.4,0,19,14,39,33
48,دل مرغ,185,0,26,8,0,26,19,52,45
50,تخم مرغ خشک,568,0,48.4,41.6,0,80,60,161,138
51,تخم مرغ زرده خام,339,0,16.1,30.5,0,48,36,96,82
49,سنگدان مرغ,140,0,22.9,7.1,0,19,14,39,34
54,تخم بوقلمون کامل، خام,165,0,13.7,12.2,0,23,17,46,40
57,بوقلمون گوشت با پوست بریان شده,171,0,28,6.5,0,24,18,48,41
53,بوقلمون کامل خام,133,0,21.6,5.2,0,18,14,37,32
58,بوقلمون کامل وزن شده با استخوان خام,93,0,15.1,3.6,0,13,9,26,22
52,تخم مرغ کامل خام,147,0,12.5,10.8,0,20,15,41,35
59,بوقلمون پوست بریان شده با حرارت خشک,481,0,29.9,40.2,0,68,51,136,117
60,بوقلمون پوست بریان شده با حرارت مرطوب,372,0,21.6,31.7,0,52,39,105,90
55,بوقلمون کامل بریان شده,190,0,30.9,7.4,0,27,20,54,46
56,بوقلمون فقط گوشت ران بریان شده,162,0,27.5,5.8,0,23,17,46,39
61,فیله بوقلمون کباب شده به روش گریل,155,0,35,1.7,0,22,16,44,37
63,سپر ماهی کباب شده به روش گریل,122,0,22.7,3.5,0,17,13,34,29
65,ماهی هادوک کباب شده به روش گریل,104,0,24.3,0.8,0,14,11,29,25
66,شمشیر ماهی کباب شده به روش گریل,139,0,22.9,5.2,0,19,14,39,33
67,ماهی ساردین کباب شده به روش گریل,195,0,25.3,10.4,0,27,20,55,47
68,ماهی آزاد نر کباب شده به روش گریل,255,0,20.1,19.4,0,36,27,72,62
69,ماهی هالیبوت کباب شده به روش گریل,121,0,25.3,2.2,0,17,12,34,29
62,کباب کوبیده,210,5,27,9,2,29,22,59,51
64,شاه ماهی کباب شده به روش گریل,181,0,20.1,11.2,0,25,19,51,44
71,ماهی مونک، کباب شده ,96,0,22.7,0.6,0,13,10,27,23
72,سوسیس گاو سرد کباب شده به روش گریل,278,13.1,13.3,19.5,0.8,39,29,79,67
73,مارماهی آب شور کباب شده به روش گریل,137,0,21.7,5.5,0,19,14,38,33
74,ماهی خال مخالی کباب شده به روش گریل,239,0,20.8,17.3,0,33,25,67,58
75,ماهی کاد منجمد کباب شده به روش گریل,95,0,20.8,1.3,0,13,10,27,23
70,ماهی چهارگوش کباب شده به روش گریل,79,0,18.9,0.5,0,11,8,22,19
76,ماهی آزاد (سالمون) کباب شده به روش گریل,215,0,24.2,13.1,0,30,22,61,52
77,,,,,,,,,,
78,شاه ماهی قرمز، کباب شده ,121,0,20.4,4.4,0,17,12,34,29
79,شاه ماهی خاکستری، کباب شده,150,0,25.7,5.2,0,21,15,42,36
80,ماهی قزل آلا، کباب شده,135,0,21.5,5.4,0,19,14,38,32
82,ماهی ساردین کباب شده با استخوان,119,0,15.4,6.3,0,16,12,33,29
81,ماهی هادوک کباب شده با استخوان,97,0,22.6,0.7,0,13,10,27,23
83,ماهی آزاد نر کباب شده با استخوان,161,0,12.7,12.2,0,22,17,45,39
84,ماهی چهارگوش کباب شده با استخوان,59,0,14,0.3,0,8,6,16,14
86,,,,,,,,,,
87,عصاره گوشت,179,3.2,40.4,0.6,0,25,19,50,43
90,گوشت گوزن، خام,103,0,22.2,1.6,0,14,10,29,25
91,گوشت گاو با چربی,332,0,14,30,0,47,35,94,80
85,ماهی مونک، کباب شده با استخوان,74,0,17.5,0.4,0,10,7,21,18
92,گوشت گاو بدون چربی,220,0,26,15,0,31,23,62,53
94,گوشت گوزن، بریان شده,165,0,35.6,2.5,0,23,17,46,40
88,گوشت گوساله,172,0,24,8,0,24,18,48,41
89,گوشت گوسفند,300,0,25,21,0,42,31,85,73
97,گوشت کبک بریان شده,212,0,36.7,7.2,0,30,22,60,51
98,گوشت چرخ کرده گوساله، خام,241,0,24,15,0,34,25,68,58
93,گوشت خرگوش، خام,137,0,21.9,5.5,0,19,14,38,33
99,کبوتر فقط گوشت بریان شده,187,0,29,7.9,0,26,19,53,45
95,گوشت چرخ کرده گاو، خام,225,0,19.7,16.2,0,31,23,63,54
100,گوشت مرغ، آب پز,183,0,29.2,7.3,0,26,19,52,44
96,گوشت غاز بریان شده,319,0,29.3,22.4,0,45,33,90,77
101,گوشت قرقاول بریان شده,220,0,27.9,12,0,31,23,62,53
103,گوشت باریک سرخ شده بوقلمون,164,0,31,4.5,0,23,17,46,40
104,سگ ماهی، خام,154,0,16.6,9.7,0,21,16,43,37
105,ماهی کاد خام,80,0,18.3,0.7,0,11,8,22,19
108,ماهی تون خام,136,0,23.7,4.6,0,19,14,38,33
107,شاه ماهی خام,190,0,17.8,13.2,0,27,20,54,46
102,گوشت باقرقره بریان شده,128,0,27.6,2,0,18,13,36,31
109,ماهی کپور خام,127,0,17.5,4.7,0,18,13,36,30
111,طوطی ماهی خام,83,0,19.9,0.4,0,11,8,23,20
112,کوسه ماهی خام,102,0,23,1.1,0,14,10,29,24
106,سپر ماهی خام,95,0,17.7,2.7,0,13,10,27,23
114,ماهی ده پا خام,71,0,16.1,0.7,0,10,7,20,17
115,ماهی هادوک خام,81,0,19,0.6,0,11,8,23,19
116,شمشیر ماهی خام,109,0,18,4.1,0,15,11,30,26
110,ماهی کولی خام,82,0,18.3,1,0,11,8,23,20
118,ماهی هشت پا خشک,313,4.8,63.3,4.6,0,44,33,89,76
119,ماهی بالدار خام,86,0,21,0.3,0,12,9,24,20
113,گربه ماهی خام,96,0,17.6,2.8,0,13,10,27,23
122,ماهی آزاد نر خام,229,0,17.5,17.7,0,32,24,65,55
123,ماهی هالیبوت خام,103,0,21.5,1.9,0,14,10,29,25
117,ماهی هشت پا خام,81,1.2,15.4,1.7,0,11,8,23,19
124,ماهی اختاپوس خام,83,0,17.9,1.3,0,11,8,23,20
126,ماهی کولی بخار پز,105,0,23.3,1.3,0,14,11,29,25
120,ماهی ساردین خام,165,0,20.6,9.2,0,23,17,46,40
121,ماهی کاد بخار پز,83,0,18.6,0.9,0,11,8,23,20
127,ماهی مونک (Monk) خام,66,0,15.7,0.4,0,9,7,18,16
130,ماهی کاد دودی خام,79,0,18.3,0.6,0,11,8,22,19
125,ماهی چهارگوش خام,64,0,15.1,0.4,0,9,6,18,15
133,ماهی خال مخالی خام,220,0,18.7,16.1,0,31,23,62,53
134,ماهی کاد منجمد خام,72,0,16.7,0.6,0,10,7,20,17
128,ماهی نرم باله خام,81,0,18.7,0.7,0,11,8,23,19
129,گربه ماهی بخار پز,119,0,21.4,3.7,0,16,12,33,29
135,ماهی سیم دریایی خام,96,0,17.5,2.9,0,13,10,27,23
131,ماهی هادوک بخار پز,89,0,20.9,0.6,0,12,9,25,21
138,ماهی هادوک دودی خام,81,0,19,0.6,0,11,8,23,19
139,ماهی هالیبوت بخار پز,131,0,23.8,4,0,18,13,37,31
140,شاه ماهی خشک نمک سود,168,0,25.3,7.4,0,23,17,47,40
136,ماهی خال مخالی دودی,354,0,18.9,30.9,0,50,37,100,86
141,ماهی پهن (فلوندر) خام,82,0,16.4,1.8,0,11,8,23,20
137,ماهی کولی منجمد خام,74,0,16.4,0.9,0,10,7,21,18
143,ماهی هادوک منجمد خام,74,0,17.3,0.5,0,10,7,21,18
146,ماهی سفید خشک نمک سود,148,0,34.5,1.1,0,21,15,42,36
147,نان سوخاری,407,72,14,7,2.4,57,43,115,99
142,ماهی نرم باله بخار پز,92,0,20.9,0.9,0,13,9,26,22
132,ماهی آزاد قرمز خام,98,0,18.4,2.7,0,13,10,27,23
149,میگو درشت خام,76,0,17.6,0.6,0,10,8,21,18
144,شاه ماهی کوچک سرخ شده,415,0,24.9,35,0,59,44,118,101
145,ماهی پهن (پیچ Plaice) خام,79,0,16.7,1.4,0,11,8,22,19
150,میگو درشت خشک,281,0,62.5,3.5,0,39,29,79,68
152,آب پنیر,24,5.1,0.8,0.1,0,3,2,6,5
153,پنیر فتا / سفید ایرانی,265,3.9,14.2,21.5,0,37,28,75,64
148,میگو ریز خشک,245,0,55.8,2.4,0,34,26,69,59
154,پنیر گودا,375,0,24,31,0,53,39,106,91
156,پنیر محلی,120,7,12,1,0,17,12,34,29
151,میگو ریز کنسرو شده در آب نمک بدون آب,94,0,20.8,1.2,0,13,10,26,22
157,پنیر کشایر,379,0.1,24,31.4,0,53,40,107,92
158,آب پنیر خشک (پودر),339,73.4,11.7,0.5,0,48,36,96,82
159,پودینگ پنیر,170,8.5,10.1,10.9,0.4,24,18,48,41
160,پنیر بلغاری,264,4.1,14,21,0,37,28,75,64
155,پنیر سویا (توفو),76,1.9,8,4.8,0.3,10,8,21,18
161,پنیر بری (Beri),319,0,48.6,26.9,0,45,33,90,77
163,پنیر خامه ای,350,5.5,6.2,34.4,0,49,37,99,85
164,خامه تازه ترش,205,3.8,2.9,19.9,0,29,21,58,50
165,خامه تازه رقیق,148,4.3,3,13.3,0,21,15,42,36
167,خامه تازه معمولی,198,4.1,2.6,19.1,0,28,21,56,48
169,کشک خشک,347,42,35,4.5,0,49,36,98,84
162,خامه تارتار,239,0,0,0,0,33,25,67,58
168,رویه شیرینی تهیه شده از شکر و سفیده تخم مرغ و کره,507,64,0.2,29.2,0,72,54,144,123
170,کشک,98,3.4,11,4.3,0,13,10,27,23
171,ماست سویا,94,16,3.5,1.8,0,13,10,26,22
172,ماست کیسه ای,155,2,6.4,11,0,22,16,44,37
166,خامه تازه غلیظ,449,2.7,1.7,48,0,63,47,127,109
174,ماست کم کالری,41,6,4.3,0.2,0,5,4,11,10
175,ماست یونانی گاوی,115,2,6.4,9.1,0,16,12,32,28
176,ماست کم چرب,63,7,5.3,1.6,0,8,6,17,15
177,ماست کم چربی میوه ای,90,17.9,4.1,0.7,0,12,9,25,21
179,ماست کم چربی طعم دار,90,17.9,3.8,0.9,0,12,9,25,21
180,آرد ذرت,354,92,0.6,0.7,3.9,50,37,100,86
173,دوغ پر چرب (غلیظ),41,3.2,2.3,2.2,0.1,5,4,11,10
181,آرد جو دوسر خام,401,72.7,12.4,7.8,6.3,57,42,114,97
178,ماست یونانی گوسفندی,106,5.6,4.4,7.5,0,15,11,30,25
185,کراکر از آرد کامل,413,72.1,10.1,11.3,4.8,58,44,117,100
186,آرد سویا تمام چربی,447,23.5,36.8,23.5,10.7,63,47,127,109
187,ماهی نقره ای در آرد سرخ شده,525,5.3,19.5,47.5,0.2,74,55,149,128
188,آرد جو دوسر سریع پز خام,375,66,11.2,8.2,6.8,53,39,106,91
182,آرد چاپاتی سفید,335,77.6,9.8,0.5,4.1,47,35,95,81
183,آرد چاودار کامل,335,75.8,8.2,2,10,47,35,95,81
189,نان ساندویچی از آرد کامل,241,48.3,9,2.9,8.8,34,25,68,58
184,آرد سویا کم چربی,352,28.2,45.3,7.2,13.3,50,37,100,85
190,اسپاگتی از آرد کامل خام,324,66.1,13.4,2.5,11.5,46,34,92,79
193,باقلا خشک خام,341,58,26,1.5,25,48,36,96,83
194,باقلا پخته ,110,20,8,0.4,5,15,11,31,26
195,پودر جوانه گندم,357,44.7,26.7,9.2,10,50,38,101,87
196,جوانه یونجه خام,24,0.4,4,0.7,1,3,2,6,5
197,سبوس گندم,246,66,17,7,15,34,26,69,60
198,بلغور خشک گندم,342,76,12,1.3,18,48,36,97,83
191,اسپاگتی از آرد کامل آب پز,113,23.2,4.7,0.9,4,16,12,32,27
192,باقلا خام,88,18,8,0.7,8,12,9,25,21
201,مافین (کیک یزدی) با سبوس گندم,272,45.6,7.8,7.7,8.5,38,28,77,66
202,آرد گندم سفید,364,76.3,10.3,1,2.7,51,38,103,88
203,آرد گندم سفید خود ورآ,330,75.6,8.9,1.2,4.1,46,35,93,80
204,آرد گندم سفید برای پخت نان,341,75.2,11.5,1.4,3.7,48,36,96,83
205,توتیلا تهیه شده با آرد گندم,262,59.8,7.2,1,2.8,37,27,74,63
206,غلات آماده مخصوص کودک بر پایه گندم,391,70.2,18.8,5.8,4,55,41,111,95
200,آرد گندم ممتاز,347,78,10.8,1.3,2.7,49,36,98,84
199,آرد گندم کامل,370,71.2,15.1,2.7,10.6,52,39,105,90
207,لپه خشک خام,364,61.6,23.1,3.9,22.2,51,38,103,88
208,لپه پخته,118,21.1,8.3,0.4,8.3,16,12,33,28
209,لوبیا سبز خشک,232,30.8,18.3,4.8,28.9,32,24,65,56
212,لوبیا چیتی خشک خام,347,62.6,21.4,1.2,15.5,49,36,98,84
213,لوبیا قرمز خشک خام,337,61.3,22.5,1.1,15.2,47,35,95,82
214,لوبیا سویا خشک خام,370,15.8,35.9,18.6,9,52,39,105,90
215,لوبیا چشم بلبلی خشک خام,90,18.8,3,0.4,5,12,9,25,21
216,لوبیا سبز پخته,35,8,1.9,0.3,3.2,4,3,9,8
210,لوبیا خوشه ای خام,23,3,2.6,0.1,3.9,3,2,6,5
217,لوبیا چیتی خشک پخته,143,26.2,9,0.7,9,20,15,40,34
211,لوبیا سبز خشک خام,286,49.7,21.4,1.6,22.9,40,30,81,69
219,لوبیا سویا خشک پخته ,141,5.1,14,7.3,9,20,15,40,34
220,لوبیا چشم بلبلی خشک پخته,97,20.3,3.2,0.4,5,13,10,27,23
221,ماکارونی خام,371,75,13,1.5,3.2,52,39,105,90
222,ماکارونی از آرد کامل خام,348,75,15,1.4,8,49,37,98,84
224,نان سودا,258,54.6,7.7,2.5,2.4,36,27,73,62
225,نان مالت,268,56.8,8.3,2.4,6.5,38,28,76,65
218,لوبیا قرمز خشک پخته,127,22.8,8.7,0.5,7.4,18,13,36,30
227,نان روغنی,265,45,8,3,3,37,28,75,64
228,نان چاودار / روگن,219,45.8,8.3,1.7,5.8,31,23,62,53
229,نان شیرمال,296,48.5,9,8.7,2.6,42,31,84,72
223,ماکارونی از آرد کامل آب پز,124,27,5,0.5,2.8,17,13,35,30
231,نان زنجبیلی,379,64.6,5.7,12.6,1.4,53,40,107,92
232,نان سفید وین,263,52.2,9.3,3.3,4.1,37,28,74,64
226,نان مویز,289,50.7,7.5,7.6,3.8,41,30,82,70
233,میوه نان,103,27.1,1.1,0.2,4.9,14,10,29,25
235,نان خشک پرفیبر,321,70.6,9.4,2.1,11.6,45,34,91,78
236,پودر نان خشک خانگی,354,77.5,11.6,1.9,5.6,50,37,100,86
230,پودینگ نان,297,46,10.5,9.6,3,42,31,84,72
237,نان لواش سفید,288,62,8.9,0.5,1.6,40,30,81,70
239,نان ساندویچ متوسط,268,51.6,9.2,4.2,3.9,38,28,76,65
240,پودر نان خشک غیر خانگی,354,78.5,10.1,2.1,5.3,50,37,100,86
234,نان پیتا سفید,265,57.9,9.2,1.2,3.9,37,28,75,64
241,نان ماشینی هوویس متوسط,212,41.5,9.5,2,5.1,30,22,60,51
243,نخود فرنگی خام,378,63,20.5,6,12.2,53,40,107,92
244,نخود خشک خام,364,61,19,6,17,51,38,103,88
238,نان جوانه گندم متوسط,232,42.5,9.2,2.5,5.4,32,24,65,56
245,نخود کامل خشک پخته در آب بی نمک,121,18.2,8.4,2.1,5.1,17,12,34,29
246,اسفناج خام,25,3.5,3,0.3,2.4,3,2,7,6
247,اسفناج خشک,211,13.8,24.3,6.9,33.9,30,22,60,51
248,,,,,,,,,,
242,آرد نخود,313,49.6,19.7,5.4,13.5,44,33,89,76
250,اسفناج پخته در آب بی نمک,19,0.8,2.2,0.8,3.1,2,2,5,4
252,,,,,,,,,,
253,بادمجان خام,25,5.9,1,0.2,3,3,2,7,6
251,اسفناج کنسرو شده بدون نمک,19,0.8,2.8,0.5,3.1,2,2,5,4
256,پیاز، خشک خام,313,68.6,10.2,1.7,13,44,33,89,76
249,اسفناج پخته در آب نمک,19,0.8,2.2,0.8,3.1,2,2,5,4
255,پیاز,40,9.3,1.1,0.1,1.7,5,4,11,9
257,پیاز، پخته در آب بی نمک,17,3.7,0.6,0.1,0.7,2,1,4,4
258,پیاز، پخته با حرارت خشک,103,22.3,3.5,0.6,4.2,14,10,29,25
254,برگ مو کنسرو شده در آب نمک,15,0.2,3.6,0,4.5,2,1,4,3
259,,,,,,,,,,
260,سس پیاز تهیه شده با شیر بدون چربی,77,8.4,2.9,4,0.6,10,8,21,18
263,تربچه سفید خام,15,2.9,0.8,0.1,1.5,2,1,4,3
267,جعفری فرنگی خشک,237,37.8,23.2,3.9,27,33,25,67,57
266,جعفری تازه,36,6,3,0.5,3.3,5,3,10,8
261,سس ترب کوهی,153,17.9,2.5,8.4,2,21,16,43,37
268,چغندر، خام,43,9.6,1.6,0.2,2.8,6,4,12,10
262,ترب، خام,62,11,4.5,0.3,7.5,8,6,17,15
265,جعفری خشک,181,14.5,15.8,7,44.7,25,19,51,44
264,تربچه قرمز خام,12,1.9,0.7,0.2,0.9,1,1,3,2
272,پودینگ ذرت,109,14.7,4.7,3.9,1.9,15,11,30,26
269,برگ چغندر خام,19,2.9,1.8,0.2,1.6,2,2,5,4
274,ذرت بو داده /  پاپ کرن / پفیلا روغن کم,375,74,11,4.3,13,53,39,106,91
275,ذرت، خام,362,77.7,8.7,0.8,7,51,38,102,88
276,ذرت شیرین دانه خام,86,19,3.2,1.2,2.7,12,9,24,20
270,چغندر، پخته,44,10,1.7,0.2,2,6,4,12,10
271,برگ چغندر، پخته,20,3.2,1.9,0.1,1.6,2,2,5,4
278,ذرت شیرین دانه پخته در آب نمک,111,19.6,4.2,2.3,4.2,15,11,31,27
273,ذرت شیرین خشک,342,61.5,12.7,6.7,12.3,48,36,97,83
279,سیب زمینی خلال، سرخ شده در روغن ذرت,228,33.3,4.4,9.5,1.9,32,24,64,55
282,ریواس خام,21,4.5,0.9,0.2,1.8,2,2,5,5
281,ریحان خشک ساییده,233,47.8,23,4.1,37.7,33,24,66,56
277,آرد ذرت، الک نشده,353,71.5,9.3,3.8,3.9,50,37,100,86
283,ریواس به آرامی پخته با شکر,48,11.5,0.9,0.1,2,6,5,13,11
284,ریواس به آرامی پخته بدون شکر,7,0.7,0.9,0.1,2.1,0,0,1,1
285,زیتون در آب نمک وزن شده با هسته,82,0,0.7,8.8,3.2,11,8,23,20
286,سیب زمینی شیرین، پخته,84,20.5,1.1,0.3,2.1,11,8,23,20
280,ریحان تازه,23,2.7,3.2,0.6,1.6,3,2,6,5
289,شلغم خام,23,4.7,0.9,0.3,2.5,3,2,6,5
288,سیب زمینی خانگی سرخ شده ,189,30.1,3.9,6.7,3,26,20,53,46
290,شلغم، پخته,22,5.1,0.7,0.1,2,3,2,6,5
291,سس فلفل تند,26,1.7,1.6,1.5,0,3,2,7,6
292,فلفل قرمز یا تند ساییده,318,31.7,12,17.3,1.5,45,33,90,77
293,گاو گوشت سرخ شده با فلفل سبز,146,6,11.8,8.5,1,20,15,41,35
294,قارچ سفید خام,22,3.3,3.1,0.3,1,3,2,6,5
287,سیب زمینی، پخته,87,20.1,1.9,0.1,1.8,12,9,24,21
297,,,,,,,,,,
298,کدو خشک,249,25.5,25.6,5.7,10,35,26,70,60
300,کدو خورشتی (سبز) خام,17,3.1,1.2,0.3,1,2,1,4,4
301,تخمه کدو تنبل / نخمه کدو بدون پوست,571,10.7,32,50,7.1,81,60,162,139
295,قارچ خشک,159,4.8,21.8,6,27.8,22,16,45,38
302,,,,,,,,,,
296,کاهو خام,15,2.9,1.4,0.2,1.3,2,1,4,3
299,کدو حلوایی (تنبل),26,7,1,0.1,0.5,3,2,7,6
304,,,,,,,,,,
305,تخم کرفس,392,41,18.1,25,12,55,41,111,95
307,کلم خشک,237,38,15.4,3.6,26.2,33,25,67,57
308,کلم فندقی، بروکسل خام,43,9,3.4,0.3,3.8,6,4,12,10
309,گل کلم خام,25,5,1.9,0.9,2,3,2,7,6
303,کدو قلیایی، خام,17,3.3,0.8,0.1,1.7,2,1,4,4
310,کلم چینی خام,12,1.4,1,0.2,1,1,1,3,2
312,کلم قرمز، خام,21,3.7,1.1,0.3,3.1,2,2,5,5
311,کلم سفید خام,27,5,1.4,0.2,2.4,3,2,7,6
306,کرفس خام,16,3,0.7,0.2,1.6,2,1,4,3
313,کلم پیچ، خام,25,6,1.3,0.1,2.5,3,2,7,6
314,گل کلم پخته,28,2.1,2.9,0.9,1.6,3,2,7,6
316,کلم قرمز پخته,15,2.3,0.8,0.3,2.5,2,1,4,3
317,کلم بروکسل پخته,36,7.1,2.6,0.5,2.6,5,3,10,8
318,رب گوجه فرنگی,82,18.9,4.3,0.5,4.1,11,8,23,20
320,سس گوجه فرنگی مخصوص پاستا,47,6.9,2,1.5,1.5,6,5,13,11
321,سس کاری گوجه فرنگی و پیاز,198,6.1,1.7,19.1,1.3,28,21,56,48
322,گوجه فرنگی خشک شده در آفتاب,258,56,14,3,12,36,27,73,62
315,کلم سفید پخته,14,2.2,1,0.2,1.7,1,1,3,3
324,گوجه فرنگی سرخ شده ,91,5,0.7,7.7,2.8,12,9,25,22
325,هویج خام,41,9.6,0.9,0.2,2.8,5,4,11,10
319,گوجه فرنگی,18,3.9,0.9,0.2,1.2,2,1,5,4
328,زرد آلو آماده مصرف,158,36.5,4,0.6,18.1,22,16,44,38
323,گوجه فرنگی کباب شده,16,3.5,0.8,0.3,1.9,2,1,4,3
329,زرد آلو، پخته,27,6.2,0.7,0.1,1.6,3,2,7,6
331,آلو قرمز متوسط، پخته ,29,6.9,0.4,0.1,1.8,4,3,8,7
332,آناناس,50,13.1,0.5,0.1,1.4,7,5,14,12
326,هویج پخته,22,4.4,0.6,0.4,2.7,3,2,6,5
327,آلو (زرد و قرمز),46,11.4,0.7,0.3,1.4,6,4,13,11
333,آناناس خشک,276,67.8,2.5,1.3,8.8,39,29,78,67
335,آناناس کنسرو شده در آب آن,47,12.2,0.3,0,0.8,6,5,13,11
330,,,,,,,,,,
336,سس آواکادو مخصوص ماکارونی,128,2.2,1.4,12.7,3,18,13,36,31
337,انار، دان شده,83,18.7,1.7,1.2,4,11,8,23,20
339,,,,,,,,,,
340,انبه,60,15,0.8,0.4,1.6,8,6,17,14
334,آب آناناس شیرین نشده,41,10.5,0.3,0.1,0,5,4,11,10
338,,,,,,,,,,
344,,,,,,,,,,
345,انگور (سبز و قرمز),69,18.1,0.7,0.2,0.9,9,7,19,16
343,انجیر,74,19.2,0.8,0.3,2.9,10,7,21,18
346,انگور وزن شده با تخم,57,14.6,0.4,0.1,0.8,8,6,16,13
341,ترشی انبه روغنی,177,9.4,1.8,15,3.9,25,18,50,43
347,آب انگور شیرین نشده,46,11.7,0.3,0.1,0,6,4,13,11
342,انبه رسیده خام با پوست و هسته,39,9.6,0.5,0.1,2,5,4,11,9
349,انگور فرنگی,44,10.2,0.9,0.6,4.3,6,4,12,10
350,به,57,15.3,0.4,0.1,1.9,8,6,16,13
351,سیرابی به آرامی پخته,100,0,14.8,4.5,0,14,10,28,24
355,زبان گوسفند به آرامی پخته,289,0,18.2,24,0,41,30,82,70
354,گاو نر زبان به آرامی پخته,242,0,19.4,18.3,0,34,25,68,59
348,دسر انگور فرنگی خام,40,9.2,0.7,0.2,4.3,5,4,11,9
358,پرتقال وزن شده با پوست,43,11,0.8,0.1,1.9,6,4,12,10
352,مارماهی به آرامی پخته,201,0,20.6,13.2,0,28,21,57,49
353,گاو نر دل به آرامی پخته,157,0,27.8,5.1,0,22,16,44,38
360,تمبر هندی,238,56.5,2.3,0.3,4,33,25,67,58
359,آب پرتقال تازه، وزن میوه کامل,15,3.7,0.3,0,0,2,1,4,3
361,سیب زمینی هندی، پخته,133,33,1.7,0.3,3.5,18,14,37,32
357,,,,,,,,,,
356,پرتقال,49,12.5,0.9,0.2,2.2,6,5,13,11
362,تمشک,52,11.9,1.2,0.7,6.5,7,5,14,12
363,,,,,,,,,,
364,شاه توت,43,9.6,1.4,0.5,5.3,6,4,12,10
366,توت فرنگی,32,7.7,0.7,0.3,2,4,3,9,7
367,توت فرنگی یخ زده,35,9.1,0.4,0.1,2.1,4,3,9,8
368,تارت کوچک توت فرنگی,206,26.2,2.5,10.8,1.5,29,21,58,50
369,خربزه ,24,5.6,0.5,0.1,0.9,3,2,6,5
370,خربزه قندک,32,6.6,0.6,0.1,0.8,4,3,9,7
371,خربزه، وزن کامل,16,3.6,0.3,0.1,0.6,2,1,4,3
373,خرمالو,70,18.6,0.6,0.2,3.6,9,7,19,17
365,,,,,,,,,,
376,زردآلو خام وزن با هسته,29,6.6,0.8,0.1,1.7,4,3,8,7
377,زردآلو کنسرو شده در آب آن,34,8.4,0.5,0.1,1.2,4,3,9,8
372,خربزه قندک وزن کامل,18,4.2,0.4,0.1,0.5,2,1,5,4
378,زغال اخته,57,14.5,0.7,0.3,2.4,8,6,16,13
379,سیب خشک,238,60.1,2,0.1,9.7,33,25,67,58
380,سیب زرد,57,13.6,0.3,0.2,2.4,8,6,16,13
375,زردآلو خشک (قیسی),188,43.4,4.8,0.7,21.6,26,20,53,45
374,زردآلو,48,11.1,1.4,0.4,2,6,5,13,11
382,سیب قرمز,59,14.1,0.3,0.2,2.3,8,6,16,14
383,سس سیب خانگی,64,16.7,0.2,0.1,1.5,9,6,18,15
384,آرد سیب زمینی,328,75.6,9.1,0.9,7,46,34,93,80
386,سیب زمینی هندی خام,114,28.2,1.5,0.3,3.7,16,12,32,27
387,سیب زمینی شیرین خام,87,21.3,1.2,0.3,2.3,12,9,24,21
388,خلال ذرت و سیب زمینی,462,60.4,5.8,23.6,3,65,49,131,112
381,سیب سبز,58,13.6,0.4,0.2,2.8,8,6,16,14
389,سیب زمینی هندی بخار پز,114,28.2,1.5,0.3,3.7,16,12,32,27
391,سیب پختنی وزن میوه کامل,26,6.4,0.2,0.1,1.6,3,2,7,6
385,پای سیب یک برش,197,31.4,1.8,8,2,28,20,56,48
393,سیب زمینی سرخ شده,280,34,3.3,15.5,3.1,39,29,79,68
394,سیب زمینی میکروویوی پخته,105,24,2.4,0.1,2.3,14,11,29,25
395,سیب زمینی پخته در آب نمک,75,17.8,1.5,0.3,1.2,10,7,21,18
396,شلیل,43,9.2,1.1,0.3,1.5,6,4,12,10
397,شلیل وزن شده با هسته,38,8.1,0.9,0.2,1.3,5,4,10,9
398,طالبی,34,8.2,0.8,0.2,0.9,4,3,9,8
392,سیب زمینی خام,79,18.1,2.1,0.8,1.3,11,8,22,19
401,,,,,,,,,,
402,گریپ فروت,42,10.7,0.8,0.1,1.6,5,4,11,10
403,آب گریپ فروت شیرین نشده,33,8.3,0.4,0.1,0,4,3,9,8
390,سیب زمینی شیرین بخارپز,84,20.4,1.1,0.3,2.2,11,8,23,20
404,گلابی خشک,207,52.4,1.6,0.5,10.6,29,22,58,50
399,,,,,,,,,,
405,گلابی پختنی,36,9.3,0.3,0,2.9,5,3,10,8
400,کیوی,58,14,1.1,0.4,3,8,6,16,14
406,گلابی,57,15.2,0.4,0.1,3.1,8,6,16,13
408,گوجه سبز خام,41,9.7,0.8,0.1,2.3,5,4,11,10
413,گیلاس وزن شده با هسته,55,14.1,0.9,0.2,1.8,7,5,15,13
407,,,,,,,,,,
414,گیلاس خام کنسرو شده در شربت,71,18.5,0.5,0,0.7,10,7,20,17
411,گیلاس,63,16,1.1,0.2,2.1,8,6,17,15
410,گوجه سبز، پخته ,34,8.3,0.6,0.1,2,4,3,9,8
412,پای گیلاس پر شده,82,21.5,0.4,0,2,11,8,23,20
416,لیمو ترش ریز پوست کنده,9,0.8,0.7,0.3,2.8,1,0,2,2
409,گوجه سبز خام وزن شده با هسته,38,9.2,0.7,0.1,2.2,5,4,10,9
418,لیمو شیرین,42,9,0.8,0,0.5,5,4,11,10
415,گیلاس، پخته با شکر ,71,18.1,0.6,0.1,1,10,7,20,17
421,شیره (آب) نارگیل,19,3.7,0.7,0.2,1.1,2,2,5,4
417,لیمو ترش درشت پوست کنده,14,2.2,0.8,0.3,2.8,1,1,3,3
422,نارگیل تازه,354,12.5,3.3,33.7,8.8,50,37,100,86
423,نارگیل، خامه ای,669,7,6,68.7,2.2,95,71,190,163
424,نارنج,20,4.8,0.2,0.1,1.3,2,2,5,4
425,نارنگی,53,13.3,0.8,0.3,1.8,7,5,15,12
419,موز,89,22.8,1.1,0.3,2.6,12,9,25,21
420,موز وزن شده با پوست,62,15.3,0.8,0.2,2,8,6,17,15
427,هلو خشک,219,53,3.4,0.8,12.9,31,23,62,53
428,هلو,39,9.5,0.9,0.3,1.5,5,4,11,9
429,هلو کنسرو شده در آب آن,39,9.7,0.6,0,0.9,5,4,11,9
431,هندوانه,30,7.6,0.6,0.2,0.4,4,3,8,7
432,تخم هندوانه / ژاپنی,590,15,28,47,0,83,62,167,143
433,هندوانه وزن کامل,18,4,0.3,0.2,0.2,2,1,5,4
434,,,,,,,,,,
426,نارنگی وزن شده با پوست و تخم,49,12,0.7,0.1,1.6,6,5,13,11
436,آب,0,0,0,0,0,0,0,0,0
430,هلو وزن شده با هسته,33,8.1,0.8,0.2,1.3,4,3,9,8
437,آب گازدار,0,0,0,0,0,0,0,0,0
439,آب انار تازه,54,13,0.2,0.3,0.1,7,5,15,13
438,آب پشن فروت,47,10.7,0.8,0.1,0,6,5,13,11
440,آب گوجه فرنگی,14,3,0.8,0,1,1,1,3,3
435,آب هویج,39,9,1,0.2,0.8,5,4,11,9
441,,,,,,,,,,
442,آب آلو برقانی,57,14.4,0.5,0.1,0,8,6,16,13
443,لازانیا آب پز,100,22,3,0.6,1.4,14,10,28,24
444,میگو ریز آب پز,117,0,23.8,2.4,0,16,12,33,28
446,ماکارونی آبپز,158,30.9,5.8,0.9,1.8,22,16,44,38
445,آب پرتقال تازه,45,10,0.7,0.2,0.2,6,4,12,10
448,میگو درشت آب پز,99,0,22.6,0.9,0,14,10,28,24
447,زیتون در آب نمک,103,0,0.9,11,4,14,10,29,25
449,خرچنگ پهن آب پز,128,0,19.5,5.5,0,18,13,36,31
452,آب سیب شیرین نشده,38,9.9,0.1,0.1,0,5,4,10,9
451,مغز گوساله  آب پز,152,0.2,12.7,11.2,0,21,16,43,37
455,ترشی پیاز,24,4.9,0.9,0.2,1.3,3,2,6,5
456,ترشی چغندر بدون آب,28,5.6,1.2,0.2,2.5,3,2,7,6
450,خرچنگ دراز آب پز,103,0,22.1,1.6,0,14,10,29,25
457,جو پوست کنده آب پز,120,27.6,2.7,0.6,2,17,12,34,29
458,,,,,,,,,,
453,آب انبه کنسرو شده,39,9.8,0.1,0.2,0,5,4,11,9
454,کنسانتره آب انگور,228,58.8,1,0.4,0,32,24,64,55
460,کرفس پخته,18,4,0.8,0.2,1.6,2,1,5,4
464,مایونز خانگی تهیه شده با آبلیمو,789,0.1,2.1,86.7,0,112,84,224,192
463,آبغوره,53,13.3,3.3,3.3,0,7,5,15,12
459,قارچ سفید پخته,28,5.3,2.2,0.5,2.2,3,2,7,6
465,آب لیمو ترش ریز، تازه,9,1.6,0.4,0.1,0.1,1,0,2,2
466,آب لیمو ترش درشت، تازه,7,1.6,0.3,0,0.1,0,0,1,1
467,چای سبز دم کرده,0,0,0.1,0,0,0,0,0,0
461,اسپاگتی سفید آب پز,104,22.2,3.6,0.7,1.8,14,11,29,25
462,زردک پخته,66,12.9,1.6,1.2,4.4,9,7,18,16
468,چای سیاه دم کرده,0,0,0,0,0,0,0,0,0
469,چای هندی دم کرده,0,0,0.1,0,0,0,0,0,0
470,چای لیمو پودر فوری,306,81.7,0,0,0,43,32,87,74
471,چای پاکستانی دم شده,46,5.9,1.7,1.9,0,6,4,13,11
473,چای سیاه دم کرده پررنگ,0,0,0.1,0,0,0,0,0,0
474,چای سیاه دم کرده متوسط,0,0,0.1,0,0,0,0,0,0
475,چای سیاه دم کرده کم رنگ,0,0,0.1,0,0,0,0,0,0
477,سرکه,18,0,0,0,0,2,1,5,4
479,شیر کامل خشک,490,39.4,26.3,26.3,0,69,52,139,119
478,مایونز خانگی تهیه شده با سرکه,724,0.2,1.9,79.3,0,102,77,205,176
472,چای گیاهی (herbal) دم کرده,1,0.2,0,0,0,0,0,0,0
480,شیر سویا ساده,54,6,3.3,1.8,0.6,7,5,15,13
481,شیر طعم دار شده,68,10.6,3.6,1.5,0,9,7,19,16
476,چای لیمو پودر فوری با آب,8,2.1,0,0,0,1,0,2,1
485,شیر بز پاستوریزه,62,5,3.3,3.3,0,8,6,17,15
486,شیر بدون چربی خشک,348,52.9,36.1,0.6,0,49,37,98,84
487,ماست از شیر کامل بز,63,3.9,3.5,3.8,0,8,6,17,15
482,شیر گوسفند,108,5.4,6,7,0,15,11,30,26
488,شیر کامل پاستوریزه,62,5,3.3,3.3,0,8,6,17,15
489,,,,,,,,,,
483,شیر کامل (محلی),62,5,3.3,3.3,0,8,6,17,15
484,,,,,,,,,,
490,,,,,,,,,,
492,شیر 2 درصد پاستوریزه,50,4.9,3.4,1.9,0,7,5,14,12
493,ماست از شیر کامل,79,6.8,5.7,3,0,11,8,22,19
494,شیر بدون چربی پاستوریزه,33,5,3.3,0,0,4,3,9,8
495,ماست از شیر کامل میوه ای,105,15.7,5.1,2.8,0,14,11,29,25
497,,,,,,,,,,
496,,,,,,,,,,
498,چای دم کرده متوسط با شیر کامل,8,0.5,0.4,0.4,0,1,0,2,1
491,شیر سویا طعم دار شده,63,10,2.3,1.5,0.4,8,6,17,15
500,پودینگ شیر تهیه شده با شیر کامل,129,19.9,3.9,4.3,0.2,18,13,36,31
501,چای دم کرده متوسط با شیر 2% چربی,7,0.7,0.5,0.2,0,0,0,1,1
503,عرق سگی، 40% (حرام در دین مبین اسلام),222,0,0,0,0,31,23,63,54
502,پنکیک شیرین تهیه شده با شیر کامل,301,35,5.9,16.2,0.9,42,32,85,73
504,عرق سگی، 37/5%  (حرام در دین مبین اسلام),207,0,0,0,0,29,22,58,50
505,قهوه,0,0,0.1,0,0,0,0,0,0
499,پنکیک شور تهیه شده با شیر کامل,273,24,6.3,17.5,1,38,29,77,66
506,قهوه فوری، نسکافه شیرین شده + شیر,55,11,2,0,0,7,5,15,13
508,قهوه ایرلندی,84,3.2,0.4,7.8,0,11,8,23,20
510,قهوه ساییده برشته,287,28.5,10.4,15.4,0,40,30,81,70
511,قهوه دم کرده رقیق,2,0.3,0.2,0,0,0,0,0,0
507,شکر قهوه ای,380,98,0.1,0,0,54,40,108,92
515,قهوه کمپلیمان ,553,58.1,3,36,0,78,58,157,134
509,آرد گندم قهوه ای,323,68.5,12.6,1.8,7,45,34,91,78
512,قهوه دم کرده غلیظ,2,0.3,0.2,0,0,0,0,0,0
513,آرد چاپاتی قهوه ای,333,73.7,11.5,1.2,10.3,47,35,94,81
514,قهوه دم کرده متوسط,2,0.3,0.2,0,0,0,0,0,0
520,قهوه دم کرده متوسط با شیر 2% چربی,7,0.7,0.6,0.2,0,0,0,1,1
516,قهوه فوری آماده شده با آب,0,0,0,0,0,0,0,0,0
517,قهوه دم کرده پنجم دقیقه ای,2,0.3,0.2,0,0,0,0,0,0
521,قهوه فوری آماده شده با آب و شیر کامل,8,0.6,0.5,0.4,0,1,0,2,1
522,قهوه فوری آماده شده با آب و شیر 2% چربی,7,0.7,0.6,0.2,0,0,0,1,1
523,کافی میت,540,57.3,2.7,34.9,0,76,57,153,131
518,قهوه دم کرده متوسط با شیر کامل,7,0.5,0.5,0.4,0,0,0,1,1
519,قهوه دم کرده متوسط با خامه رقیق,14,0.3,0.4,1.2,0,1,1,3,3
526,انجیر خشک,249,64,3.3,0.9,10,35,26,70,60
527,بادام درختی,576,22,21.1,49,12,81,61,163,140
530,بادام زمینی خام (ساده),567,16.1,25.8,49.2,8.5,80,60,161,138
524,نوشابه کولا,41,11,0,0,0,5,4,11,10
525,نوشابه با طعم میوه,48,12,0,0,0,6,5,13,11
532,,,,,,,,,,
528,بادام زمینی ترد (روکش دار),483,73.7,8.6,19,9,68,51,137,117
529,بادام هندی ساده,573,18.1,17.7,48.2,3.3,81,61,162,139
533,بادام هندی برشته و نمکی,610,18.8,20.5,50.9,3.3,86,65,173,148
535,بادام زمینی ساده وزن شده با پوست,389,8.6,17.7,31.8,5,55,41,110,94
536,برگه برگبو خشک,313,48.6,7.6,8.4,6,44,33,89,76
531,بادام وزن با پوست,229,2.5,7.8,20.6,4.8,32,24,65,55
537,برگ خردل خام,27,3.6,2.5,0.3,3.5,3,2,7,6
539,برگ چغندر خام,19,2.9,1.8,0.2,1.6,2,2,5,4
534, بادام زمینی بوداده (بدون نمک),567,16.7,26.7,46.7,10,80,60,161,138
540,برگ کاری تازه,97,13.3,7.9,1.3,5,13,10,27,23
542,برگ تنبول تازه,61,8.6,6.4,0.1,1,8,6,17,14
543,برگ گشنیز تازه,20,1.8,2.4,0.6,2.4,2,2,5,4
544,چای سبز برگ خشک,300,44,28.3,4.8,10,42,31,85,73
538,برگ تربچه خام,33,3.5,3.5,0.5,1.6,4,3,9,8
541,برگ گشنیز خشک,279,41.7,21.8,4.8,2.4,39,29,79,68
548,برگ تمبر هندی تازه,115,18.2,5.8,2.1,2.8,16,12,32,28
550,پسته برشته و نمکی,601,8.2,17.9,55.4,10,85,64,170,146
545,برگ شنبلیله خام,35,4.8,4.6,0.2,25,4,3,9,8
551,پسته وزن شده با پوست (تازه),331,4.6,9.9,30.5,10,47,35,94,80
546,چای سیاه برگ خشک,293,50.1,24.5,2.8,10,41,31,83,71
547,چای هندی برگ خشک,108,3,19.6,2,10,15,11,30,26
552,تخمه خربزه بوداده بدون پوست,582,9.9,28.5,47.7,3,82,62,165,141
553,تخمه آفتابگردان بدون پوست,593,20,21,51,9,84,63,168,144
549,چای چینی برگ دم کرده,1,0.2,0.1,0,0,0,0,0,0
557,فندق وزن شده با پوست,247,2.3,5.4,24.1,3.4,35,26,70,60
558,کشمش بی دانه,275,69.3,2.7,0.4,6.3,39,29,78,67
559,کنجد,573,23.4,17.7,49.7,11.8,81,61,162,139
560,گردو,654,14,15,65,7,92,69,185,159
561,شکلات مغز گردو دار,278,34.1,3,31.9,0.2,39,29,79,67
554,سنجد,130,0,0,0,0,18,13,36,31
555,عناب,79,20,1.2,0.2,0,11,8,22,19
556,فندق,650,6,14.1,63.5,8.9,92,69,184,158
562,گردو وزن شده با پوست,295,1.4,6.3,29.4,2.5,41,31,83,71
563,نارگیل خشک,592,44,5,47,21.1,84,63,168,144
564,آجیل مخلوط,606,7.9,22.9,54.1,7.5,86,64,172,147
565,آجیل بو داده,352,18.3,13.3,25.7,5.4,50,37,100,85
566,مخلوط آجیل و کشمش,481,31.5,14.1,34.1,7.4,68,51,136,117
569,آدامس,360,97,0,0.3,2.4,51,38,102,87
572,اسنک ذرت و نشاسته,505,55.8,3.8,31.2,6,71,53,143,123
574,باقلوا با پسته,426,42,6,21,2,60,45,121,103
567,شکلات آجیل دار نرم,549,60.5,6.2,59.8,1.2,78,58,156,133
568,آجیل و تخمه بو داده,349,19.6,12.9,24.9,5.3,49,37,99,85
570,آلبالو,50,12,1,0,2,7,5,14,12
571,اسنک ذرت,518,54.3,7,31.9,5,73,55,147,126
576,بامیه پخته,22,4.5,1.9,0.2,2.5,3,2,6,5
573,اسنک از مخلوط غلات و آرد سیب زمینی,449,56.7,7.1,23.1,6,63,47,127,109
577,بستنی قیفی,195,25.5,3.2,8.5,0,27,20,55,47
578,ویفر بستنی,210,20.4,3.1,8.5,1,29,22,59,51
579,شکلات بستنی,320,24,5,23.4,1.2,45,34,90,78
575,بامیه خام,33,7,1.9,0.2,3.2,4,3,9,8
581,بستنی با نان بستنی,185,25.2,3.5,8.5,0,26,19,52,45
582,بستنی وانیلی,207,24.4,3.5,11,0.7,29,22,58,50
583,بستنی  طعم دار,179,24.7,3.4,8,0,25,19,50,43
584,بیسکویت شکلاتی,524,67.3,5.7,27.6,2.9,74,55,149,127
587,بیسکویت کرم دار,513,69.2,5,24,1.1,72,54,145,125
580,دسر بستنی منجمد,227,22.8,3.3,14.2,0,32,24,64,55
588,بیسکویت ویفر پر شده,534,66,4.7,29.9,1.4,75,56,151,130
590,بیسکویت خانگی از آرد کامل,358,60,13.4,8.9,7.7,50,38,101,87
591,پاستیل,253,62,5.2,0,0,35,26,71,61
585,بیسکویت ساده,408,82.8,6.5,7.9,2.6,58,43,116,99
586,بیسکویت زنجبیلی,456,79.1,5.6,15.2,1.8,64,48,129,111
593,بادام بوداده,621,7,21.2,56.7,13.3,88,66,176,151
589,بیسکویت زنجبیلی خانگی,448,68.1,4.4,19.4,2,63,47,127,109
594,تخمه آفتابگردان با پوست,290,10.4,9.8,24.9,9,41,30,82,70
597,چیپس تورتیلا,459,60.1,7.6,22.6,6,65,48,130,111
598,,,,,,,,,,
600,چیپس سیب زمینی برش ضخیم,499,58,7.2,28.1,4.8,70,53,141,121
592,پاستیل میوه ای,327,84.2,2.8,0,0,46,34,92,79
595,پفک ,540,53,6,37,1.7,76,57,153,131
601,حلوا,449,51.4,2.6,26.4,0.7,63,47,127,109
596,چیپس موز,511,59.9,1,31.4,4.8,72,54,145,124
599,چیپس سیب زمینی کم چربی,458,63.5,6.6,21.5,13.7,65,48,130,111
604,ژله تهیه شده با شیر کامل,88,16.7,2.6,2,0,12,9,25,21
605,ژله تهیه شده با شیر 2% چربی,79,16.8,2.6,2,0,11,8,22,19
606,ژله تهیه شده با شیر بدون چربی,73,16.8,2.6,1,0,10,7,20,17
608,شربت,40,10,0.1,0,0,5,4,11,9
607,سمنو ,302,58.8,12.4,2.2,8.8,42,32,85,73
602,ارده,595,21,17,54,9,84,63,169,145
603,ژله تهیه شده با آب,61,15.1,1.2,0,0,8,6,17,14
611,پای سیب با شیرینی در بالا و پائین,266,35.8,2.9,13.3,2.1,37,28,75,64
610,بیسکویت کم شیرینی,457,74.7,6.7,16.6,2.1,64,48,129,111
613,رویه شیرینی فوندانت,337,89.9,0,89,0,47,35,95,82
614,شکر زرد,387,100,0,0,0,55,41,110,94
615,شکر سفید,385,99.6,0,0.3,0,54,41,109,93
609,اسمارتیز,456,73.8,5.4,70.7,3,64,48,129,111
612,پای میوه با شیرینی در بالا و پائین,260,34,3,13.3,2.2,36,27,73,63
616,,,,,,,,,,
620,گیلاس پخته با شکر، کمپوت,82,21,0.7,0.1,1.2,11,8,23,20
621,زردآلو پخته با شکر، کمپوت,72,18.3,0.7,0.1,1.8,10,7,20,17
623,کمپوت شاه توت,263,63.2,0,0,0,37,28,74,64
619,تمشک پخته با شکر، کمپوت,63,15,1.2,0.3,5.9,8,6,17,15
624,توت سفید پخته با شکر، کمپوت,65,16.2,1,0,1.2,9,6,18,15
626,سیب پخته با شکر، کمپوت,74,19.1,0.3,0.1,1.8,10,7,21,18
618,آلو  پخته با شکر، کمپوت,74,19.3,0.4,0,3,10,7,21,18
617,موس شکلاتی پر شکر,178,26,4.7,6.9,0,25,18,50,43
627,انجیر خشک پخته با شکر، کمپوت,143,34.3,1.9,0.8,6.5,20,15,40,34
628,زردآلو خشک پخته با شکر، کمپوت,92,22,1.9,0.3,8.5,13,9,26,22
625,گوجه سبز پخته با شکر، کمپوت,81,20.7,0.7,0.1,2.1,11,8,23,19
629,گلابی متوسط پخته با شکر، کمپوت,83,21.9,0.2,0.1,1.6,11,8,23,20
633,شکلات نرم,569,57.1,4.1,57.1,1,80,60,161,138
631,آلو قرمز پخته با شکر، کمپوت,79,20.2,0.5,0.1,1.9,11,8,22,19
634,شکلات ساده,510,63.5,5,62.6,3,72,54,145,124
635,شکلات سفید,529,58.3,8,58.3,0.2,75,56,150,129
637,شکلات مارس,441,66.5,5.3,65.7,4,62,46,125,107
636,شکلات شیری,520,56.9,7.7,56.9,3.4,73,55,147,126
630,تمشک قرمز رنگ پخته با شکر، کمپوت,50,12.5,0.8,0,4.4,7,5,14,12
639,شکلات آجیل دار نرم,549,60.5,6.2,59.8,1.2,78,58,156,133
640,شکلات مغز گردو دار,278,34.1,3,31.9,0.2,39,29,79,67
641,شکلات تزئینی و پر شده,447,63,4.9,60,5,63,47,127,109
638,شکلات دیابتی,447,38.6,9.3,55,4,63,47,127,109
642,شکلات پوشیده شده با کارامل,465,66.5,5,55.8,5,66,49,132,113
643,آرد برنج,366,80.1,6,1.4,2.4,52,39,104,89
644,برنج قهوه ای خام,370,77,8,2.9,3.5,52,39,105,90
645,برنج قهوه ای پخته,111,23,2.6,0.9,1.8,15,11,31,27
646,آجیل و برنج بو داده,346,25.2,12,22.6,5,49,36,98,84
647,برنج سفید گلوتنی، گِرده، خام,359,74.8,8.4,1.6,1,51,38,102,87
648,برنج سفید باسماتی خام,359,79.8,7.4,0.5,0.9,51,38,102,87
632,انگور فرنگی پخته با شکر، کمپوت,54,12.9,0.7,0.3,2.3,7,5,15,13
650,پلو / برنج سفید / کته پر چرب,192,28,2.7,7.3,0.4,27,20,54,46
651,عسل,304,82.4,0.3,0,0.2,43,32,86,74
652,شانه عسل,281,74.3,0.6,4.6,0,39,29,79,68
653,پودر فرنی، کاسترد,354,92,0.6,0.7,0,50,37,100,86
654,فرنی، کاسترد,122,17.6,4,4,0,17,13,34,29
655,,,,,,,,,,
649,برنج سفید گلوتنی ، گِرده، پخته,65,14.7,1.7,0.3,1,9,6,18,15
656,فرنی، کاسترد با شیر 2% چربی,94,16.8,3.8,1.9,0,13,10,26,22
657,قند,387,100,0,0,0,55,41,110,94
658,چای شیرین، 3 حبه قند ,20,5.5,0,0,0,2,2,5,4
661,کرم کارامل خانگی,169,28.3,4.9,4.8,0,24,18,48,41
663,دوغ کره,37,5,3.4,0.5,0,5,3,10,9
662,کره محلی,737,0,0.5,81.7,0,104,78,209,179
664,کره کاکائو,896,0,0,99.5,0,127,95,254,218
665,پودر دوغ کره,373,51,34.1,5.1,0,53,39,106,90
659,پودر کاکائو,312,11.5,18.5,21.7,33,44,33,88,76
660,کرم کارامل,109,20.6,3,2.2,0,15,11,30,26
668,کدو سرخ شده در کره,63,2.6,2.6,4.8,1,8,6,17,15
669,کره مخلوط 80-70% چربی,680,1.1,0.6,74.7,0,96,72,193,165
670,قارچ سرخ شده در کره,157,0.3,2.1,16.2,3,22,16,44,38
671,پیاز سرخ شده در کره,164,14.1,2.3,11.2,3.2,23,17,46,40
666,کره نرم کم، چربی,390,0.5,5.8,40.5,0,55,41,110,95
672,کره نرم بادام زمینی,622,13.1,22.6,53.7,6.8,88,66,176,151
667,کره مخلوط 40% چربی,390,0.4,6.5,40.3,0,55,41,110,95
674,بادمجان سرخ شده در کره,175,2.8,1.2,31.9,2.9,24,18,49,42
677,کلوچه (Waffles),334,39.6,8.7,16.7,2,47,35,94,81
673,کره گیاهی یا مارگارین,739,1,0.2,81.6,0,105,78,210,180
678,کلوچه (Scone) پنیر,363,43.2,10.1,17.8,1.9,51,38,103,88
679,کلوچه (Scone) ساده,362,53.8,7.2,14.6,2.2,51,38,102,88
675,سیب زمینی پخته له شده با کره,104,15.5,1.8,4.3,1.3,14,11,29,25
676,سیب زمینی پخته له شده با کره گیاهی,104,15.5,1.8,4.3,1.3,14,11,29,25
682,کلوچه (Scone) از آرد کامل,326,43.1,8.7,14.4,5,46,34,92,79
683,کلوچه (Scone) از آرد کامل میوه ای,324,47.2,8.1,12.8,5.2,46,34,92,79
684,شکلات کیت کت,500,63,7.5,50.1,0,71,53,142,121
680,کلوچه (Scone) میوه ای,316,52.9,7.3,9.8,3.6,44,33,89,77
685,کیک پنیر (چیز کیک),426,24.6,3.7,35.5,0.7,60,45,121,103
686,پودر کیک,331,77.2,4.7,2.5,4.9,47,35,94,80
681,کلوچه (Scone) سیب زمینی,296,39.1,5.1,14.3,1.7,42,31,84,72
690,کیک نارگیل,346,51.2,6.7,14,3.4,49,36,98,84
691,کیک خامه ای (خامه دار),337,43.4,5.7,16.8,0.5,47,35,95,82
692,کیک چای تازه,296,52.5,8,7.5,4.2,42,31,84,72
693,کیک چای تست شده,329,58.3,8.9,8.3,4.7,46,35,93,80
687,کیک گیلاس,394,61.8,5.1,15.8,0.9,56,41,112,96
688,کیک اسفنجی,290,61,5.4,2.7,0.5,41,30,82,70
689,کیک شکلاتی,371,53,5,15,1.6,52,39,105,90
694,کیک مادیرا ,393,58.4,5.4,16.9,1.3,55,41,111,95
695,کیک ماهی بخار پز,74,5.5,11.8,0.5,0,10,7,21,18
699,,,,,,,,,,
697,کیک چینی و بیسکویت,415,51.9,6.7,21.5,1,59,44,118,101
698,کیک میوه ای پر شکر,341,59.6,3.8,11,3.2,48,36,96,83
696,کیک جو دوسر خانگی,445,63.3,10.8,18.3,5.5,63,47,126,108
701,کیک میوه ای از آرد کامل,363,52.8,6,15.7,3,51,38,103,88
702,کیک یزدی ,305,67,4.3,3.7,4.3,43,32,86,74
700,پودر کیک آماده شده,248,52.4,5.3,3.3,3.3,35,26,70,60
704,مربا,278,69,0.4,0.1,1.1,39,29,79,67
703,گز,456,70.2,7.8,18.6,4.7,64,48,129,111
706,مربا دیابتی,174,42,0.1,0,1,24,18,49,42
707,مربا میوه هسته دار,261,69.2,0.4,0,0.9,37,27,74,63
708,کیک اسفنجی پرشده با مربا,302,64.1,4.2,4.9,1.1,42,32,85,73
705,مربا کم شکر,123,31.9,0.5,0.1,1.1,17,13,34,30
710,آبنبات ژله ای با آجیل,344,81.1,4.1,80.9,0,48,36,97,83
711,آبنبات ژله ای بدون آجیل,295,77.8,0.6,0,0,41,31,83,71
713,فلفل سیاه,251,64,10,3.3,25,35,26,71,61
709,آبنبات,327,87.1,0,0,0,46,34,92,79
716,عدس و آجیل بو داده,222,18.8,10.6,12.1,4.8,31,23,63,54
712,انواع آبنبات با طعم شیرین بیان,349,76.7,3.7,5.2,0,49,37,99,85
717,عدس خشک خام,352,63.4,24.6,1.1,10.7,50,37,100,85
719,پودر سیر,246,42.7,18.7,1.2,9,34,26,69,60
715,عدس و برنج بوداده,135,26.6,4.7,1.9,2.3,19,14,38,32
721,پودر سوپ فوری,384,64,6,13,5.6,54,40,109,93
722,سوپ گوجه فرنگی,33,7.8,1.7,2,0.9,4,3,9,8
718,سیر خام,149,33,6.4,0.5,2.1,21,15,42,36
723,سوپ مرغ و سبزیجات,37,6.7,2.4,2,0.7,5,3,10,9
724,,,,,,,,,,
720,سوسیس سیر,248,0.8,15.9,20.2,0,35,26,70,60
727,سس بستنی,207,53.9,0.8,0.2,0,29,22,58,50
729,سس تارتار,299,17.9,1.3,24.6,0,42,31,85,72
725,سوپ فوری آماده شده برای مصرف,33,4.7,2,0.7,0.9,4,3,9,8
726,سس ماست,292,9.6,2.2,27.5,0,41,31,83,71
731,سس کم چربی,71,9.3,1.6,3.3,0,10,7,20,17
732,سس باربکیو,93,23.4,1,0.1,0,13,9,26,22
733,سس فرانسوی,462,4.5,0.1,49.4,0,65,49,131,112
734,سس صدف ,80,16.9,3.9,0.1,0,11,8,22,19
714,عدس بوداده,139,21.9,7.7,3,4.4,19,14,39,33
736,سس بدون چربی,67,14,0.8,1.2,0,9,7,19,16
737,پودر سس پنیر,408,40.9,19.3,19.7,0,58,43,116,99
738,پودر سس سفید,355,60,9,10.5,0,50,37,100,86
739,سس سیب خانگی,64,16.7,0.2,0.1,1.5,9,6,18,15
735,سس فلفل تند,26,1.7,1.6,1.5,0,3,2,7,6
743,سس قهوه ای تند,120,27.9,1.2,0.1,0,17,12,34,29
740,سس لوبیا سیاه,93,12.2,7.1,2.1,0,13,9,26,22
741,سس هزار جزیره,480,12.5,1.1,30.2,0,68,51,136,117
742,سس ماست خانگی,62,4.2,5.2,2.8,0,8,6,17,15
745,سس کاری شیرین,91,9.6,1.2,5.6,1.8,12,9,25,22
747,سس بولونز ,151,2.6,11.9,10.4,0.6,21,16,42,36
744,سس نعناع خانگی,73,18.2,0.8,0.1,0,10,7,20,17
749,سس باربکیو خانگی,281,21.6,2.8,21,1.1,39,29,79,68
746,سس پنیر آبی رنگ,457,8.7,2,46.3,0,64,48,129,111
750,سس فرانسوی خانگی,652,0.2,0.3,72.2,0,92,69,185,159
748,سس قهوه ای شیرین,97,22.2,1.2,0.1,0,13,10,27,23
730,سس قره قاط,151,39.9,0.2,0.1,0,21,16,42,36
751,سس گوجه فرنگی تند,79,17.7,1.3,0.8,0.5,11,8,22,19
752,سس روغن و لیمو ترش,647,2.8,0.3,70.6,0,91,68,183,157
753,سس سویا تیره غلیظ,64,8.3,7.8,0,0,9,6,18,15
755,سس گوجه فرنگی کچاپ,115,28.6,1.6,0.1,0,16,12,32,28
756,سس خشک مخلوط آماده,91,10.3,3.8,4.1,0,12,9,25,22
758,سس کاری پیاز با کره,251,6.4,1.3,24.7,1.6,35,26,71,61
759,سس گوجه فرنگی و قارچ,59,5.8,1.6,3.5,1.6,8,6,16,14
760,سس گوجه فرنگی خانگی,71,5.5,1.4,5,1.2,10,7,20,17
761,سس هزار جزیره کم کالری,195,14.7,0.7,15.2,0,27,20,55,47
728,سس نعناع,101,21.5,1.6,0,0,14,10,28,24
757,سس سویا روشن و تیره,43,8.2,3,0,0,6,4,12,10
622,پیراشکی حلقه ای با روکش شکر (دونات),450,49.3,5.4,25.7,2.8,63,47,127,109
765,سالاد میوه با خامه,311,12.1,5.8,26.6,1.1,44,33,88,75
762,سس سفید ویژه پاستا,138,1.3,7.8,11.2,1.2,19,14,39,33
766,سالاد برنج,133,22.2,2.8,4.1,1.5,18,14,37,32
767,سالاد پاستا با مرغ,150,17.8,4,7.7,1.8,21,15,42,36
763,نان همبرگر (گرد),264,48.8,9.1,5,4,37,28,75,64
768,سالاد چغندر قرمز (لبو),150,11,1.6,10.9,1.6,21,15,42,36
764,سالاد سبز,17,3.5,1.3,0.2,1.3,2,1,4,4
769,سالاد یونانی,127,8.9,3.5,10.9,1.3,18,13,36,30
771,سالاد برنج قهوه ای,145,17.8,2.1,7.6,1.8,20,15,41,35
772,سالاد میوه با خامه کم کالری,195,10.8,4.8,14.8,1,27,20,55,47
774,سالاد گوجه فرنگی و پیاز,70,2.7,3.6,5.4,0.1,9,7,19,17
776,سالاد سیب زمینی با مایونز,239,13.7,3.3,19.3,1.6,33,25,67,58
773,سالاد لوبیا چیتی,209,22.2,6,11.5,5.1,29,22,59,50
777,سالاد سیب زمینی با سس فرانسوی,147,16.6,3.3,7.9,2,20,15,41,35
770,سالاد میوه,58,14.6,0.6,0.2,1.4,8,6,16,14
779,سالاد کاهو و کلم با سس کم کالری ,69,11.7,1.1,4.2,1.3,9,7,19,16
775,سالاد پاستا از آرد کامل با مرغ,204,23.3,5.6,11.3,4.4,29,21,58,49
781,زردچوبه ساییده,354,65,8,10,21,50,37,100,86
778,سالاد کاهو و کلم با مایونز ,232,16.5,1.7,20.8,1.7,32,24,65,56
783,روغن ذرت,875,0,0,100,0,124,93,248,213
784,روغن حیوانی,876,0,0.3,99.5,0,124,93,249,213
754,سس سویا روشن رقیق,64,8.3,5.2,0.5,0,9,6,18,15
780,زعفران,310,65,11.4,6,3.9,44,33,88,75
786,روغن سویا,884,0,0,100,0,125,94,251,215
787,روغن فندق,884,0,0,100,0,125,94,251,215
788,روغن گردو,884,0,0,100,0,125,94,251,215
785,روغن پالم,884,0,0,100,0,125,94,251,215
789,روغن نباتی,884,0,0,100,0,125,94,251,215
790,روغن زیتون,844,0,0,100,0,120,89,240,205
794,روغن هسته انگور,884,0,0,100,0,125,94,251,215
795,روغن جوانه گندم,884,0,0,100,0,125,94,251,215
782,زرشک,316,63,3.6,3.5,7.4,44,33,89,77
797,روغن آفتابگردان,900,0,0,90,0,127,95,255,219
792,روغن نارگیل,892,0,0,99.1,0,126,95,253,217
799,روغن مخلوط,901,0,0,10,0,128,96,256,219
800,روغن کبد ماهی کاد,902,0,0,100,0,128,96,256,220
801,تن ماهی,286,1,22,21,0,40,30,81,69
798,روغن بادام زمینی,884,0,0,100,0,125,94,251,215
793,روغن پنبه دانه,884,0,0,100,0,125,94,251,215
804,,,,,,,,,,
802,ذرت بو داده /  پاپ کرن / پفیلا  با روغن,500,58,9,28,13,71,53,142,121
806,قارچ سرخ شده در روغن ذرت,157,0.3,2.4,16.2,3,22,16,44,38
803,کدو سرخ شده در روغن ذرت,63,2.6,2.6,4.8,1,8,6,17,15
808,پیاز سرخ شده در روغن ذرت,164,14.1,2.3,11.2,3.2,23,17,46,40
809,کدو سرخ شده در روغن مخلوط,63,2.6,2.6,4.8,1,8,6,17,15
810,بامیه سرخ شده در روغن ذرت,269,4.4,4.3,26.1,7,38,28,76,65
805,چاپاتی تهیه شده با روغن,328,48.3,8.1,12.8,7,46,34,93,80
812,تخم مرغ سرخ شده بدون روغن,174,0,15,12.7,0,24,18,49,42
796,روغن کره بی نمک,876,0,0,99.5,0,124,93,249,213
814,قارچ سرخ شده در روغن مخلوط,157,0.3,2.4,16.2,3,22,16,44,38
811,حلیم (بدون شکر),184,20.7,9.1,8.3,3.2,26,19,52,44
815,پیاز سرخ شده در روغن مخلوط,164,14.1,2.3,11.2,3.2,23,17,46,40
816,بادمجان سرخ شده در روغن ذرت,175,2.8,1.2,31.9,2.9,24,18,49,42
817,,,,,,,,,,
813,چاپاتی تهیه شده بدون روغن,202,43.7,7.3,1,6.4,28,21,57,49
819,بادمجان سرخ شده در روغن مخلوط,175,2.8,1.2,31.9,2.9,24,18,49,42
822,خیار,15,3.6,0.7,0.1,0.5,2,1,4,3
818,سس کاری پیاز با روغن نباتی,299,6.4,1.2,30.1,1.6,42,31,85,72
821,دلمه برگ مو,140,19,5,9,3,19,14,39,34
820,گوجه فرنگی سرخ شده در روغن ذرت,91,5,0.7,7.7,2.8,12,9,25,22
826,سوسیس نورنبرگ، مرغ، 70%,257,2.2,14,17,0,36,27,73,62
828,کوکتل مرغ، 55%,261,1,12,21,0,37,27,74,63
829,کوکتل گوشت گوساله، 55%,261,1,12,21,0,37,27,74,63
791,روغن گلرنگ,884,0,0,100,0,125,94,251,215
824,پیتزا با گوشت,239,23,12,11,2,33,25,67,58
825,پوره سیب زمینی با کره و خامه,165,16,2.1,4.8,1.3,23,17,46,40
827,هات داگ، 60%,252,2,14,20,0,35,26,71,61
833,کله پاچه,350,0,17,15,0,49,37,99,85
830,سوسیس بلغاری,242,5.9,12.5,18.6,0,34,25,68,59
831,سوسیس آلمانی,270,1.2,10,22,0,38,28,76,65
836,ماست سون کم چرب,63,2,4,1.4,0,8,6,17,15
837,نان سنگک,259,55.1,8.7,0.4,1.3,36,27,73,63
838,نخود فرنگی آب پز,84,16,5,0.2,6,11,8,23,20
835,ماست سون,87,5.5,3.3,5,0,12,9,24,21
839,برگ مو,90,17,6,2.1,11,12,9,25,21
842,زیتون سبز,115,6,0.8,11,3.2,16,12,32,28
841,ترب ژاپنی,18,4.1,0.6,0.1,1.6,2,1,5,4
844,,,,,,,,,,
823,خیار ترشی خام,12,1.8,1,0.1,1,1,1,3,2
843,زیتون سیاه,105,6,0.9,9.5,3,14,11,29,25
840,پیازچه,32,7,1.8,0.2,2.6,4,3,9,7
846,بامیه ، شیرینی,363,73.3,4,6.4,2.6,51,38,103,88
848,بستنی چوبی، دبل چاکلت,337,33.8,3.2,21,0,47,35,95,82
849,بستنی قیفی پاستوریزه,186,25.5,3.3,8.5,0,26,19,52,45
834,آب کله پاچه,103,0,4,10,0,14,10,29,25
847,زولبیا,336,62.4,1.6,13,0.3,47,35,95,81
851,شکلات تلخ,548,61.9,4.8,33.3,7.1,77,58,155,133
853,سس مایونز ساده,680,0.6,1,75,0,96,72,193,165
845,شیره انگور,250,15,0.4,0.1,0.2,35,26,71,60
850,بستنی سنتی,186,25.5,3.3,8.5,0,26,19,52,45
854,سس مایونز کم چرب,238,9,0.4,22,0,33,25,67,58
855,سالاد الویه با کالباس,289,10.5,6.7,15.8,1,41,30,82,70
856,سالاد شیرازی با روغن زیتون,64,4.3,0.8,4.6,1,9,6,18,15
857,زرده تخم مرغ پخته,332,3.6,16.1,27,0,47,35,94,80
852,پلو / برنج سفید / آبکش پر چرب,202,28.8,2.6,8,0,28,21,57,49
858,سفیده تخم مرغ پخته,52,2.4,10.7,0,0,7,5,14,12
859,جوجه کباب,216,0,27,12,0,30,23,61,52
860,سوسیس,281,12.5,13.6,19.7,0.8,39,29,79,68
861,,,,,,,,,,
862,کالباس خشک، 60 % گوشت,241,5.5,12,20,0,34,25,68,58
863,ژامبون گوشت، 90 %,200,4,15.5,10.5,0,28,21,56,48
865,کالباس مرغ یا بوقلمون، 70 %,230,4,14,15.5,0,32,24,65,56
866,کباب برگ ,195,0,18,14,0,27,20,55,47
868,ناگت مرغ,208,20,16,7,3,29,22,59,50
807,قارچ سرخ شده در روغن گاو,210,0,2.2,22.3,4,29,22,59,51
869,همبرگر، 30% گوشت,220,14,13,14,0,31,23,62,53
871,همبرگر، 60% گوشت,160,4,11,13,0,22,17,45,39
872,همبرگر، 90% گوشت,216,4,13,17,0,30,23,61,52
870,همبرگر، 75% گوشت,180,6,13,16,0,25,19,51,43
873,مرغ برگر، 60% گوشت,160,6,12,10,0,22,17,45,39
874,پنیر پیتزا رنده شده,290,3,20,22,0,41,30,82,70
875,پنیر پیتزا ورقه ای ,291,3.1,20,21,0,41,31,82,70
867,گوشت شتر مرغ خام,114,0,22,2.3,0,16,12,32,27
876,خرما,282,75,2.5,0.4,8,40,30,80,68
880,پیتزا سبزیجات,209,23.7,9.8,8.5,1.7,29,22,59,50
864,ژامبون مرغ، 90 %,200,4,15.5,10.5,0,28,21,56,48
877,ماء الشعیر ساده,26,6.5,0.1,0,0,3,2,7,6
881,ترخون,295,50,23,7,7,41,31,83,71
878,استیک گوشت,271,0,25,19,0,38,28,77,66
879,پیتزا پپرونی,305,35,13.7,11.5,1.3,43,32,86,74
883,سمبوسه,308,32.2,4.6,17.8,1.7,43,32,87,75
884,فلفل دلمه ای ، سبز,20,4.6,0.9,0.2,1.7,2,2,5,4
887,کوکی کشمشی,438,60,6.5,19.2,1.5,62,46,124,106
889,سبزی پلو با ماهی,247,26.2,21.1,6,0.3,35,26,70,60
890,زرشک پلو با مرغ,247,26.2,21.1,6,0.3,35,26,70,60
891,شیرین پلو,218,24.7,15.4,6.1,1.1,30,23,61,53
893,باقالی پلو با مرغ,225,37,13,3,8.5,31,23,63,54
894,عدس پلو با گوشت,264,36,7.1,8,5,37,28,75,64
886,فلفل دلمه ای ، قرمز,26,6.3,1,0.3,2.1,3,2,7,6
895,هویج پلو با مرغ,269,30,5.1,9.8,1,38,28,76,65
896,رشته پلو با گوشت,214,29.2,5.1,1.2,1.9,30,22,60,52
892,شیر برنج,106,18.6,3.8,1.6,0.5,15,11,30,25
882,زالزالک,70,16,0.4,0.4,2,9,7,19,17
897,رشته پلو,180,27,2.1,1,1.5,25,19,51,43
900,نان برنجی,243,44,9,4.6,4.9,34,25,69,59
903,خوراک مرغ,114,8.2,12.3,3.5,1.5,16,12,32,27
898,کلم پلو با مرغ,161,25,6.3,3.9,1.8,22,17,45,39
899,لوبیا پلو (استامبولی پلو),189,23,4.4,5.2,1.8,26,20,53,46
904,خورشت فسنجان,329,9.1,19,25,2,46,35,93,80
906,خورشت لوبیا سبز,145,7,14.2,6.5,1.4,20,15,41,35
907,خورشت قیمه,198,10,15.4,10,2.1,28,21,56,48
908,خورشت گل کلم,200,4,12,16,1,28,21,56,48
905,خورشت قلیه ماهی,159,7.4,13.7,9,1,22,16,45,38
885,فلفل دلمه ای ، زرد,27,6.3,1,0.2,0.9,3,2,7,6
909,مسما بادمجان,54,6.8,2.6,2.2,2.9,7,5,15,13
902,خورشت کرفس,179,4,17.2,10.2,1.5,25,19,50,43
912,خوراک لوبیا چیتی,155,22,6,5,6,22,16,44,37
913,خورشت اسفناج,119,10.4,6.5,6.5,2.2,16,12,33,29
914,کشک بادمجان,122,7.9,13.8,4.5,2.7,17,13,34,29
916,ناز خاتون,50,9.9,1.1,1,3.1,7,5,14,12
910,خوراک قارچ بدون گوشت,150,4.9,2.3,10,1.4,21,15,42,36
911,خورشت بامیه,133,7.8,8.4,7.8,1.8,18,14,37,32
917,ترشی,28,5.8,1.1,0.2,2.9,3,2,7,6
915,میرزا قاسمی,106,6.2,1.1,9.3,3,15,11,30,25
920,عدسی پر چرب,152,20,9,4,8,21,16,43,37
832,سوسیس پارمسان,244,1,13.5,20,0,34,26,69,59
918,ماست و بادمجان,42,6.5,2.6,0.6,2.3,5,4,11,10
923,باقلوا یزدی با پسته,454,52,10,25,4,64,48,129,110
925,سوسیس بندری بدون نان,285,2.7,1.6,24,0.5,40,30,81,69
926,شیرینی نخودچی,468,52.2,13.3,23.2,6.4,66,49,133,114
927,کوکو بادمجان,137,5,4.5,11,2.5,19,14,38,33
919,آبگوشت / کوبیده,157,11.5,15.5,5.1,2.1,22,16,44,38
888,خورشت قورمه سبزی,199,2.5,9,15.4,0.9,28,21,56,48
929,اشکنه,146,11.4,4.3,9.5,1.6,20,15,41,35
930,شیرینی قطاب,350,50.4,7,14,1.5,49,37,99,85
921,آش رشته,182,40,13,5,8,25,19,51,44
928,فلافل,333,32,13,18,2.5,47,35,94,81
924,نان بربری,263,54.4,7,2,3.5,37,28,74,64
932,کلوچه سنتی,450,59.3,6.2,21,1.7,63,47,127,109
934,کباب دنده,233,2.9,23.8,13.4,2.4,33,24,66,56
931,,,,,,,,,,
935,کتلت,224,9.5,16.5,12.7,0.7,31,23,63,54
937,نان قندی,409,54.2,7.3,18.4,1.4,58,43,116,99
940,کوکو سیب زمینی,227,12.3,4.6,16.4,1.1,32,24,64,55
933,کوکو سبزی,200,7.7,10.2,15.6,2.3,28,21,56,48
941,شیرینی کشمشی,380,54.8,6.4,15.7,1.3,54,40,108,92
939,پولکی,303,75.7,0.6,1.7,0,43,32,86,73
942,شامی کباب,200,8,14.8,12,1.2,28,21,56,48
943,شیرینی زبان,253,20.9,2.7,0.5,0.7,35,26,71,61
944,,,,,,,,,,
938,نان / شیرینی پنجره ای,365,45.2,7,17.4,1.2,51,38,103,89
945,نان تافتون,245,44.1,7,2,3.4,34,26,69,59
949,خورشت آلو,133,7.8,8.4,7.8,1.8,18,14,37,32
948,سوپ جو,39,5.3,3.8,0.4,0.8,5,4,11,9
950,پیراشکی,434,47.1,5.3,24.9,1.7,61,46,123,105
952,ته دیگ نان سفید,453,32.5,4.8,34,0,64,48,128,110
947,نان جو,269,48.5,8.1,4.4,4,38,28,76,65
953,ته دیگ سیب زمینی,397,60,3.3,15,8,56,42,112,96
955,کشک پاستوریزه,100,2.9,14.7,3.2,0,14,10,28,24
951,شله زرد,222,50,0.1,3.1,0,31,23,63,54
956,کلوچه مغزدار گردویی / لاهیجان,427,62.3,7,16.5,1,60,45,121,104
954,شکلات داغ، هات چاکلت,77,11,3.5,2.3,1,10,8,21,18
958,کافی میکس,416,88,1,5.5,1,59,44,118,101
959,قهوه فوری، نسکافه ,0,0,0,0,0,0,0,0,0
960,شیرینی رولت,323,44,7.5,14,1.5,45,34,91,78
946,ترشی لیته,27,5.4,1.1,0.2,2.6,3,2,7,6
961,آب دوغ خیار,69,7.6,3.5,2.9,0.7,9,7,19,16
957,کاپوچینو,472,59,21.9,21.9,1,67,50,134,115
962,فالوده,227,37.4,0.1,9.1,0,32,24,64,55
963,تیرامیسو,248,31.8,6.4,11,0.8,35,26,70,60
964,شیرینی تر,323,44,7.5,14,1.5,45,34,91,78
901,باقالی قاتوق,177,22,10,5.2,4.5,25,18,50,43
965,سبزی خوردن,36,4.2,3,0.8,3.6,5,3,10,8
967,شیرینی نان خامه ای,237,12.5,4.5,19,0,33,25,67,57
968,شیرینی گردویی,440,46.5,7.2,27.2,2.1,62,46,125,107
970,شوید پلو,160,34,3.2,1.5,0.9,22,17,45,39
971,لوبیا پلو (چشم بلبلی),189,23,4.4,5.2,1.8,26,20,53,46
972,خورشت خلال,260,17,17,10,6.2,36,27,73,63
973,خورشت بادمجان,152,6,7,11,2,21,16,43,37
966,ژله شکری,372,77.6,2,0,0,52,39,105,90
969,شوید تازه,43,7,3.5,1.1,2.1,6,4,12,10
976,سینه مرغ، پخته,165,0,31,3.6,0,23,17,46,40
977,املت,148,3.6,7.2,11.6,0.4,21,15,42,36
979,شیر کاکائو,83,10.3,3.2,3.4,0.8,11,8,23,20
975,شیرینی سوهان,500,51,5.1,32,0,71,53,142,121
981,نان تست,313,56,13,4.3,4.7,44,33,89,76
922,بادام سوخته,499,43.8,11.7,34,6.9,70,53,141,121
982,پنیر سفید آمل کم چرب,198,1,12,14,0,28,21,56,48
978,خاویار,264,4,25,15,0,37,28,75,64
980,بیسکویت ساقه طلایی,428,82.8,6.5,7.9,2.6,60,45,121,104
974,شیر موز,89,16,4,2,1,12,9,25,21
984,کورن فلکس / غلات صبحانه,357,84,6.6,0,10,50,38,101,87
985,ماکارونی با سویا,165,27,6,3.9,1.2,23,17,46,40
990,لواشک هلو,180,53,3.4,0.8,12.9,25,19,51,43
989,تخم بلدرچین,158,0.4,13,11,0,22,16,44,38
983,پنیر گردویی,292,0,12,24,0,41,31,83,71
986,آب کرفس,28,8,2,0,2,3,2,7,6
988,,,,,,,,,,
987,شیر 3 درصد چربی پاستوریزه,60,5.3,3.2,3.3,0,8,6,17,14
991,لواشک زردآلو,188,43.4,4.8,0.7,21.6,26,20,53,45
992,لواشک مخلوط,180,53,3.4,0.8,12.9,25,19,51,43
993,سالاد ماکارونی,236,16.6,4.1,0.9,1.7,33,25,67,57
996,حلوا ارده بدون شکر,467,1,27,51.3,0,66,49,132,113
997,کنجد بوداده با نمک,565,25.7,17,48,14,80,60,160,137
998,خامه بسته بندی فرادما,286,2,2,30,0,40,30,81,69
999,شیر کم چرب بدون لاکتوز,36,2,1,2.8,0,5,3,10,8
994,حلوا ارده / شکری ساده,533,16.7,20,51.3,0,75,56,151,130
1000,چیکن استراگانف,130,9.6,9.6,5.4,0.7,18,13,36,31
1001,تخم کتان,534,29,18,42,27,75,56,151,130
1002,تخم مرغ نیمرو با روغن کم,178,0.7,11.9,14,0,25,18,50,43
995,حلوا ارده / شکری مغزدار,533,14.3,26.7,46,0,75,56,151,130
1004,پنیر لبنه آنا / کاله,220,2.4,7.9,19.8,0,31,23,62,53
1003,آرد نخودچی,387,57.8,22.4,6.7,10.8,55,41,110,94
1006,نان ساندویچ بزرگ,268,51.6,9.2,4.2,3.9,38,28,76,65
1007,گوشت گوساله پخته,200,0,24,8,0,28,21,56,48
1008,گوشت گوسفند پخته / پرچرب,320,0,25,21,0,45,34,90,78
1009,گوشت گوسفند پخته / کم چرب,260,0,25,17,0,36,27,73,63
1005,آش ماست / آش دوغ,120,19,5,3,2.4,17,12,34,29
1010,لبو خام,43,9.6,1.6,0.2,2.8,6,4,12,10
1012,کباب ترکی,320,0,25,26,1,45,34,90,78
1016,سالاد الویه با مرغ,172,9.3,5,12,2,24,18,48,41
1011,دیزی,160,17.3,14.2,2.7,4.2,22,17,45,39
1017,ماء الشعیر طعم دار,48,12,0.1,0,0,6,5,13,11
1018,جو پرک / بسته بندی,377,80,12,1,6,53,40,107,91
1013,آلوچه,40,8.8,0.6,0.1,2.3,5,4,11,9
1019,نودل,385,71,14,4,0,54,41,109,93
1014,آلبالو خشک,350,60,5,0,10,49,37,99,85
1021,ذرت / بلال,93,17,3.4,1.8,3.3,13,9,26,22
1022,آش شله قلمکار,200,34,14.2,8,7,28,21,56,48
1023,کوفته / برنجی,167,18,7,4,1,23,17,47,40
1024,نشاسته,381,91,0,0,1,54,40,108,92
1025,,,,,,,,,,
1026,پلو / برنج سفید / کته کم چرب,170,28,2.7,5,0.4,24,18,48,41
1027,پلو / برنج سفید / آبکش کم چرب,180,29.8,2.7,5,0,25,19,51,43
1020,روغن کنجد,884,0,0,100,0,125,94,251,215
1028,گوشت بلدرچین,227,0,25,14,0,32,24,64,55
1029,سالاد کاهو و کلم بدون سس,14,1.7,0.8,0.5,1.3,1,1,3,3
1015,,,,,,,,,,
1031,رب انار,222,50,0,0,0,31,23,63,54
1032,شیرینی مسقطی,150,20,0,5,1,21,15,42,36
1033,فرنی,149,30,3.7,1.7,0.5,21,15,42,36
1036,ماهی تیلاپیا / پخته,129,0,26,2.7,0,18,13,36,31
1038,ماهی قزل آلا، سرخ شده,163,0,21.5,8.5,0,23,17,46,39
1039,نبات,357,100,0,0,0,50,38,101,87
1040,شیره خرما,250,15,0.4,0.1,0.2,35,26,71,60
1041,تاس کباب با گوشت,160,17.3,14.2,2.7,4.2,22,17,45,39
1037,ماهی تیلاپیا / سرخ شده,180,0,26,8.4,0,25,19,51,43
1044,ته چین گوشت,247,26.2,21.1,6,0.3,35,26,70,60
1030,عدسی کم چرب,135,20,9,2,8,19,14,38,32
1046,میگو پلو,195,26.2,21.1,1,0.3,27,20,55,47
1043,ته چین بادمجان,210,26.2,18,6,0.3,29,22,59,51
1034,,,,,,,,,,
1047,عدس پلو,198,36,4.1,2,5,28,21,56,48
1045,پلو / برنج سفید / بدون روغن,143,31.4,2.9,0,0,20,15,40,34
1048,میگو سوخاری,242,11,21,12,0.4,34,25,68,59
1049,عدسی بدون روغن,116,20,9,0.4,8,16,12,32,28
1050,,,,,,,,,,
1051,للک / غذای بوشهری,150,32,3.2,1.5,2,21,15,42,36
1053,شیرینی قرابیه,450,60.7,5.2,15.6,1.2,63,47,127,109
1054,شیرینی لطیفه,237,12.5,4.5,19,0,33,25,67,57
1055,شیرینی آلمانی / مربایی,253,50,2.7,3.5,0.7,35,26,71,61
1056,لازانیا با گوشت و مخلفات,190,15,7,4.9,1.7,27,20,54,46
1042,ته چین مرغ,220,26.2,21.1,6,0.3,31,23,62,53
1057,آش جو,120,20,3,4,1.5,17,12,34,29
1035,سبوس برنج,360,81.3,6.7,2.8,3.8,51,38,102,87
1052,شیرینی دانمارکی,370,58.1,6.2,12.7,1.2,52,39,105,90
1058,ماش پلو,198,36,4.1,2,5,28,21,56,48
1059,نان سنگک ماشینی,259,55.1,8.7,0.4,1.3,36,27,73,63
1060,توت سفید خشک,321,78.6,10.7,0,14.3,45,34,91,78
1061,روغن کلزا (کانولا),884,0,0,100,0,125,94,251,215
1062,آویشن,286,64,9,7,0,40,30,81,69
1064,زنجبیل تازه,80,18,1.8,0.8,2,11,8,22,19
1065,زنجبیل پودر شده,336,72,9,4.2,14,47,35,95,81
1066,دم کرده زنجبیل,0,0,0,0,0,0,0,0,0
1068,نعناع تازه,70,15,3.8,0.9,8,9,7,19,17
1069,آش سبزی,164,23,13,5.5,4,23,17,46,40
1071,خورشت قیمه بدون سیب زمینی,188,8.4,18.5,8.4,2.6,26,20,53,45
1072,سوپ ورمیشل,98,13,2.5,4,0.2,13,10,27,23
1063,نمک,0,0,0,0,0,0,0,0,0
1074,خرمای خشک,350,80,2.5,0.4,8,49,37,99,85
1075,مربای بالنگ,260,60,4,0,1,36,27,73,63
1067,گلاب ,0,0,0,0,0,0,0,0,0
1076,مربای به,278,69,0.4,0.1,1.1,39,29,79,67
1073,کلم بروکلی,34,7,2.8,0.4,2.6,4,3,9,8
1078,تمشک پخته با شکر، مربا,183,45,1.2,0.3,5.9,26,19,52,44
1079,گیلاس پخته با شکر، مربا,202,51,0.7,0.1,1.2,28,21,57,49
1081,شاه توت پخته با شکر، مربا,176,43.8,0.7,0.2,5.2,25,18,50,42
1080,مربا زردآلو,250,65,0,0,0,35,26,71,60
1070,سرشیر,380,2,2,40,0,54,40,108,92
1083,گوجه سبز پخته با شکر، مربا,201,50.7,0.7,0.1,2.1,28,21,57,49
1084,سیب پخته با شکر، مربا,194,49.1,0.3,0.1,1.8,27,20,55,47
1085,انجیر خشک پخته با شکر، مربا,263,64.3,1.9,0.8,6.5,37,28,74,64
1086,زردآلو خشک پخته با شکر، مربا,212,52,1.9,0.3,8.5,30,22,60,51
1082,توت سفید پخته با شکر، مربا,185,46.2,1,0,1.2,26,19,52,45
1088,تمشک قرمز رنگ پخته با شکر، مربا,170,42.5,0.8,0,4.4,24,18,48,41
1087,گلابی متوسط پخته با شکر، مربا,203,51.9,0.2,0.1,1.6,28,21,57,49
1089,آلو قرمز پخته با شکر، مربا,199,50.2,0.5,0.1,1.9,28,21,56,48
1090,انگور فرنگی پخته با شکر، مربا,174,42.9,0.7,0.3,2.3,24,18,49,42
1092,کره پاستوریزه,717,0.1,0.9,81.1,0,101,76,203,174
1093,پشمک,380,94.1,0,0,0,54,40,108,92
1094,عدس پخته,116,20.1,9,0.4,7.9,16,12,32,28
1095,کوفته تبریزی,174,10.3,14.8,8.3,1.8,24,18,49,42
1096,کباب تابه ای,177,5,25,6,2,25,18,50,43
1098,آبمیوه پرتقال رانی,47,12,0.9,0.1,2,6,5,13,11
1091,شیر گاو,66,4.9,3.7,3.7,0,9,7,18,16
1099,آبمیوه انبه رانی,60,15,0.8,0.4,2,8,6,17,14
1100,نوشیدنی آلوئه ورا,40,9.3,0.9,0.2,0,5,4,11,9
1101,شیرینی نوقا,398,92,3.3,1.7,3.3,56,42,113,97
1097,آبمیوه آناناس رانی,50,13,0.5,0.1,2,7,5,14,12
1077,آلو  پخته با شکر، مربا,194,49.3,0.4,0,3,27,20,55,47
1102,شیرینی ریس / اریس,253,50,2.7,0.5,0.7,35,26,71,61
1103,خاگینه,148,1.6,10,11,0,21,15,42,36
1104,دلمه بادمجان,140,19,5,9,3,19,14,39,34
1106,دلمه کلم,140,19,5,9,3,19,14,39,34
1107,دلمه گوجه فرنگی,140,19,5,9,3,19,14,39,34
1109,دلمه پیاز,140,19,5,9,3,19,14,39,34
1105,دلمه فلفل سبز,140,19,5,9,3,19,14,39,34
1111,پروتئین خالص / مکمل,400,0,100,0,0,56,42,113,97
1112,کربوهیدرات خالص / مکمل,400,100,0,0,0,56,42,113,97
1108,دلمه کدو,140,19,5,9,3,19,14,39,34
1114,ران مرغ پخته بدون پوست,193,0,18.3,13.3,0,27,20,54,47
1115,شیر 1/5 درصد پاستوریزه,45,4,3,1,0,6,4,12,10
1110,نان جو خشک,364,78.3,11.3,0.6,2,51,38,103,88
1116,نخودچی,260,38,10,2.7,13.5,36,27,73,63
1117,تخم اردک,185,1.4,12,14,0,26,19,52,45
1118,,,,,,,,,,
1113,سبزی پلو,160,34,3.2,1.5,0.9,22,17,45,39
1119,سالاد شیرازی,25,4.3,0.8,0.1,1,3,2,7,6
1120,,,,,,,,,,
1122,لوبیا سفید خشک خام,337,61,22,1.5,24,47,35,95,82
1125,مویز,283,74,4.1,0.3,7,40,30,80,69
1126,شاهدانه / شاه دانه,553,8.7,31.6,48.8,4,78,58,157,134
1127,شیر نارگیل,230,6,2.3,24,2.2,32,24,65,56
1128,زیتون پرورده,200,13,0.9,12,3,28,21,56,48
1123,لوبیا سفید پخته,140,26,8,0.6,11,19,14,39,34
1124,ماهی سفید,172,0,24,8,0,24,18,48,41
1130,پنیر زیره / کاله,326,5,13,23,0,46,34,92,79
1121,سیاه دانه,345,52,16,15,40,49,36,98,84
1132,بادمجان پخته,35,8.7,0.8,0.2,2.5,4,3,9,8
1133,نرگسی اسفناج,103,12,3.5,3,3.9,14,10,29,25
1129,نان باگت,268,51.6,9.2,4.2,3.9,38,28,76,65
1135,حلیم بدون گوشت,160,20,2,8,6,22,17,45,39
1136,کورن فلکس اسپشیال کی,396,75.9,19.8,1,3,56,42,112,96
1137,آب هندوانه,28,7.1,0.5,0.3,0.3,3,2,7,6
1138,شیر ماهی,172,0,24,8,0,24,18,48,41
1139,ماهی آزاد (سالمون) سرخ شده,245,0,24.2,16,0,34,26,69,59
1140,کباب چنجه,177,0,25,8.5,2,25,18,50,43
1131,یتیمچه,90,16,2,2,2,12,9,25,21
1142,بیسکویت کراکر سبزیجات و پنیر,380,57,8.4,13,1.5,54,40,108,92
1143,شیرینی پیچ انگشتی,288,70,1.2,1,0,40,30,81,70
1145,باسلوق ژله ای,380,91,0,0,1,54,40,108,92
1146,کیک تی تاپ / تیتاپ,364,65,8,8,1.2,51,38,103,88
1134,تخم کاج,673,13,14,68,3.7,95,71,191,164
1144,باسلوق,410,91,0,2,1,58,43,116,100
1149,"نوتلا / کرم شکلات
",540,59.4,8,29.7,2.5,76,57,153,131
1147,خوراک قارچ و گوشت ,285,8,16,16,1.4,40,30,81,69
1148,سالاد تن ماهی,180,9.8,12.8,10.7,1.2,25,19,51,43
1153,کره بادام زمینی خالص,588,24,21.9,50,5.7,83,62,167,143
1150,کافه لته / لاته,55,11,2,0,0,7,5,15,13
1154,خیار شور,11,2.3,0.3,0.2,1.2,1,1,3,2
1152,کرم کنجد,572,16,27.7,55.5,2,81,60,162,139
1158,خورشت بامیه بدون گوشت با سیب زمینی,90,9.5,2,4,1.8,12,9,25,21
1155,پروتئین سویا پخته (بافت دار),173,9.9,17,9,6,24,18,49,42
1156,هویج سرخ شده,40,4.4,0.6,2.4,2.7,5,4,11,9
1151,قهوه موکا,60,12,2,0,0,8,6,17,14
1141,نان ذرت,330,54,7,10,2.3,46,35,93,80
1160,پنیر لاکتیکی,193,5,12,14,0,27,20,54,47
1161,کالری دستی,1,0,0,0,0,0,0,0,0
1159,پروتئین سویا خشک (بافت دار),335,29,52,1.3,18,47,35,95,81
1162,آووکادو,160,9,2,15,7,22,17,45,39
1157,صبحانه بالشتی شکلاتی,422,60,3,11.5,1,60,44,120,102
1165,مرغ سوخاری,246,1.8,30,12,0.1,34,26,69,60
1167,قارچ سوخاری,157,2.3,2.4,14.2,1.5,22,16,44,38
1168,ماش پخته,105,19,7,0.4,8,14,11,29,25
1163,ترشی تره,27,5.4,1.1,0.2,2.6,3,2,7,6
1170,سالاد الویه بدون سس,124,10.7,10.2,2.9,1.3,17,13,35,30
1166,ران مرغ سوخاری,277,9,22,17,0.3,39,29,78,67
1172,سینه مرغ، گریل شده,159,0,29.7,4.2,0,22,16,45,38
1174,ماست و خیار,45,4.8,4.3,1,0,6,4,12,10
1171,پنیر لیقوان (تبریز),268,1.5,15.6,24,0,38,28,76,65
1173,بادام زمینی نمکی بسته بندی شده,600,18,25,50,10,85,63,170,146
1177,بادمجان کبابی,40,10,0.8,0.2,2.5,5,4,11,9
1175,گوشت شتر مرغ پخته,145,0,28,2.8,0,20,15,41,35
1178,شیرینی نارگیلی,565,34,22,38,1,80,60,160,137
1176,بوقلمون، سینه پخته شده,189,0,29,7,0,26,20,53,46
1180,باقالی پلو بدون گوشت,203,39,6,3,8.5,28,21,57,49
1181,ماست موسیر,85,4,8.3,4,0,12,9,24,20
1182,لوبیا پلو (استامبولی پلو) بدون گوشت ,160,34,3.3,1.5,0.9,22,17,45,39
1169,کرانچی,551,59.4,6.6,31.6,0,78,58,156,134
1183,دال عدس خام,345,59,25,1.5,11,49,36,98,84
1186,ذرت مکزیکی بدون پنیر,150,20,3.4,6,3.3,21,15,42,36
1187,ذرت مکزیکی با پنیر,280,23,10,16,3.3,39,29,79,68
936,ماکارونی با گوشت چرخ کرده,201,20.2,11.4,7.8,1.1,28,21,57,49
1188,خورشت کنگر,200,4,12,16,1,28,21,56,48
1184,سوپ ماکارونی (پاستا),74,10,5,3,0.7,10,7,21,18
1185,نوشیدنی انرژی زا هایپ,43,10,0,0,0,6,4,12,10
1179,مربای هویج,278,69,0.4,0.1,1.1,39,29,79,67
1189,نان تست هفت غله,265,43,13,4.2,2,37,28,75,64
1190,پنیر پارمسان,420,13.9,28.4,27.8,0,59,44,119,102
1191,سیر ترشی,27,5.4,1.1,0.2,2.6,3,2,7,6
1193,قیمه پلو,189,23,4.4,5.2,1.8,26,20,53,46
1196,ترشی واش خورشت,114,8.2,12.3,3.5,1.5,16,12,32,27
1197,سالاد اندونزی,226,29,3.7,10.6,1.4,32,24,64,55
1192,پنیر پرورده / پروسس,291,8.7,16.4,21.2,0,41,31,82,70
1199,آب آلبالو,35,8.1,0.6,0,0.1,4,3,9,8
1194,ازگیل ژاپنی,47,11.9,0.4,0.2,1.7,6,5,13,11
1195,خورشت هویج,125,7.8,8.4,7.8,1.8,17,13,35,30
1200,جو دوسر,389,66.3,16.9,6.9,10.6,55,41,110,94
1201,کینوا پخته,148,26,5.3,2.6,3.3,21,15,42,36
1203,بیسکویت های بای,495,61.9,5.1,25.3,1,70,52,140,120
1204,خامه عسل (بسته بندی),299,2,12,27,0,42,31,85,72
1207,کلم پلو با گوشت,185,25,7.3,6.2,1.8,26,19,52,45
1202,بیسکویت جو (ستاک),462,63.9,7.7,15,6.3,65,49,131,112
1208,آلو سیاه,46,11,0.7,0.3,1.4,6,4,13,11
1198,پودر نارگیل,445,52.9,18.8,17.7,9.4,63,47,126,108
1206,,,,,,,,,,
1164,بیسکویت کرم دار کاکائویی بزرگ,440,65,5.3,17.7,1,62,46,125,107
1211,ناگت گوشت,236,20,19,9,3,33,25,67,57
1205,کباب کوبیده مرغ,159,0,29.7,4.2,0,22,16,45,38
1212,شکر رژیمی (شیرین کننده مصنوعی),0,200,0,0,0,0,0,0,0
1213,چای شیرین شده با شکر رژیمی,1,0.3,0,0,0,0,0,0,0
1209,گرمک,34,8,0.8,0.2,0.9,4,3,9,8
1215,,,,,,,,,,
1210,آیس مک,68,17,0,0,0,9,7,19,16
1218,آلبالو پلو,265,49,10,3,9.5,37,28,75,64
1220,آب طالبی,30,4.2,0.5,0.3,0.3,4,3,8,7
1214,ماهی کولی خام,136,0,18.3,6,0,19,14,38,33
1221,آب پرتقال پاکتی,43,7.5,0.8,0,0.5,6,4,12,10
1216,شیر کاکائو بدون شکر,56,7.6,3.6,1.5,0,7,5,15,13
1222,نکتار پرتقال پاکتی,43,12.5,0.8,0,0,6,4,12,10
1223,آب سیب پاکتی,49,11.6,0.8,0,0,6,5,13,11
1226,بستنی چوبی، میوه ای هایپیرال,171,25.3,2.8,6.5,0,24,18,48,41
1227,بستنی چوبی، یخی میوه ای,112,28,0,0,0,15,11,31,27
1229,سینه مرغ، کبابی,159,0,29.7,4.2,0,22,16,45,38
1225,بستنی چوبی، ساده هایپیرال,276,23.6,3.8,18.5,0,39,29,78,67
1224,بستنی چوبی، ساده روکش دار,276,23.6,3.8,18.5,0,39,29,78,67
1217,پنیر محلی پرچرب,257,1.5,15.6,21,0,36,27,73,62
1219,نان روستا / نان آوران,309,54,13,4.2,2,43,32,87,75
1231,کوکوی گوشت,221,5.7,17,14,0.8,31,23,62,53
1228,فیله گوساله کبابی,150,0,21,7.3,0,21,15,42,36
1236,بورانی اسفناج,63,5,5.9,2.4,1,8,6,17,15
1232,ذرت بو داده /  پاپ کرن / پفیلا بدون روغن,355,74,11,2.3,13,50,37,100,86
1233,سوپ گوجه فرنگی با مرغ,36,2,4,2,0.2,5,3,10,8
1234,,,,,,,,,,
1238,کلانه (کردی) با کره حیوانی,410,55,8,17.3,2.6,58,43,116,100
1235,نان خرمایی,422,80,6,8.4,1.8,60,44,120,102
1237,کلانه (کردی) بدون کره,260,55,8,1.2,2.6,36,27,73,63
1230,فیله مرغ,155,0,29.7,3.6,0,22,16,44,37
1241,نقل,405,85,3,5.8,0,57,43,115,98
1242,مکمل فیبر,111,100,0,0,100,15,11,31,27
1243,بستنی سنتی گز میهن,273,22,4,19,0,38,29,77,66
1245,پنیر کاتیج,98,3.4,11,4.3,0,13,10,27,23
1240,کنسرو خورشت قیمه,140,10,9,6.5,3,19,14,39,34
1246,شیرین گندمک بسته بندی,416,91.7,7,2.3,10,59,44,118,101
1247,شیرین گندمک,350,75.4,7,2.3,10,49,37,99,85
1248,لوبیا سیاه,339,63,21,0.9,16,48,36,96,82
1249,پنیر سویا (توفو) سرخ شده,271,10,17,20,3.9,38,28,77,66
1244,چیپس سیب زمینی بسته بندی,563,50,5,38,1.2,80,60,160,137
1239,آیس پک,243,24,5,23.4,1.2,34,25,69,59
1250,آلو بخارا یا برقانی,240,63.9,2.2,0.4,7.1,34,25,68,58
1251,فلفل سبز,40,9,2,0.2,1.5,5,4,11,9
1252,فلفل قرمز,40,9,1.9,0.4,1.5,5,4,11,9
1253,آب گوشت,16,0,1,1,0,2,1,4,3
1254,آب مرغ,36,3.5,2.5,1.2,0,5,3,10,8
1258,قارچ کبابی,15,0.6,1.8,0.3,2.3,2,1,4,3
1261,سبوس جو دوسر,71,12,2.5,1.5,1.7,10,7,20,17
1259,پودرتخم کتان,534,29,18,42,27,75,56,151,130
1262,ماست ایسلندی,60,1.3,9,0,0,8,6,17,14
1255,گوشت چرخ کرده گوسفند، خام,255,0,24,16.2,0,36,27,72,62
1256,چوب شور,380,64.4,9.8,9.2,3,54,40,108,92
1264,کوکو لوبیا سبز,180,7.7,10.2,13.6,2.3,25,19,51,43
1265,ساندویچ هات داگ,290,4.2,10,26,0,41,30,82,70
1263,جوانه ماش,54,5.9,3,2,2,7,5,15,13
1267,ساندویچ کالباس,245,24,17,11,0.9,34,26,69,59
1257,چوب کنجدی (کراکر),440,49.5,11.4,13,1,62,46,125,107
1269,تره,30,4.4,3.3,0.7,2.5,4,3,8,7
1270,دمپختک گوجه,144,34,4,9,1.1,20,15,40,35
1260,بستنی تریپل چاکلت کاله,191,25.2,3.8,8.3,0,27,20,54,46
1266,ساندویچ همبرگر,295,24,17,14,0.9,41,31,83,71
1271,ران کامل مرغ سرخ شده,227,0,20.9,15.9,0,32,24,64,55
1268,ساندویچ چیزبرگر,303,30,15,14,1,43,32,86,73
1273,پاستا پنه,118,17,6,4,2.7,16,12,33,28
1276,سوهان گزی,450,86,4,10,4,63,47,127,109
1277,گوشت چرخ کرده سرخ شده,270,0,19.7,21.2,0,38,28,76,65
1278,جگر سیاه کباب شده,122,0,18.3,5.4,0,17,13,34,29
1272,کیک هویج,415,79,5,10,1,59,44,118,101
1274,دمنوش,0,0,0,0,0,0,0,0,0
1275,شیرینی روح افزا,435,60,12,22,4.5,61,46,123,106
1283,نوشیدنی کامبوجا,30,5,0,0,0,4,3,8,7
1279,دل گوسفند کباب شده,226,0,25.3,13.9,0,32,24,64,55
1284,بیسکویت ویفر ساده و طعم دار,465,67.1,4.8,19.8,1.4,66,49,132,113
1286,شکر پنیر,382,96,0,0.1,0,54,40,108,93
1281,دال عدس پخته (بدون روغن),116,20,9,0.4,8,16,12,32,28
1282,خورشت به,142,9.8,8.4,7.8,2.2,20,15,40,34
1285,بیسکویت ساقه طلایی کرم دار,474,65.2,8.9,19.7,2.6,67,50,134,115
1292,تست فرانسوی,229,25,8,11,1,32,24,65,55
1287,ماهی شوریده خام,221,1,18,13,0.4,31,23,62,53
1289,کوکوی اشپل ماهی,204,1.9,29,8,0,29,21,58,49
1293,شیرینی بهشتی / کرکی,469,61.9,5.8,22.3,1.5,66,49,133,114
1290,پاستا آلفردو,120,17.2,5.7,2.4,1.1,17,12,34,29
1291,بیف استراگانف,98,9,5,4.6,0.6,13,10,27,23
1288,اشپل ماهی خام,143,1.5,22,6,0,20,15,40,34
1295,اوتمیل,68,12,2.4,1.4,1.7,9,7,19,16
1296,,,,,,,,,,
1299,پیراشکی حلقه ای با روکش ژله (دونات),450,49.3,5.4,25.7,2.8,63,47,127,109
1294,ماست لاکتیویا 4.5 درصد چربی,78,3.5,4.5,4.5,0,11,8,22,19
1301,شراب سفید (حرام در دین مبین اسلام),82,2.6,0.1,0,0,11,8,23,20
1280,جوانه عدس,106,22,9,0.6,4,15,11,30,25
1302,ویسکی (حرام در دین مبین اسلام),250,0.1,0,0,0,35,26,71,60
1298,پیراشکی حلقه ای با روکش خامه (دونات),450,49.3,5.4,25.7,2.8,63,47,127,109
1297,پیراشکی حلقه ای با روکش شکلات (دونات),450,49.3,5.4,25.7,2.8,63,47,127,109
1304,موسیر,72,17,2.5,0.1,3.2,10,7,20,17
1300,شراب قرمز (حرام در دین مبین اسلام),85,2.6,0.1,0,0,12,9,24,20
1305,خوراک لوبیا قرمز,155,22,6,5,6,22,16,44,37
1306,کنسرو خوراک مرغ,165,8,28,3,2,23,17,46,40
1307,خورشت کدو,120,6,7,7.5,2,17,12,34,29
1308,شربت خاکشیر,40,10,0.1,0,0,5,4,11,9
1309,کلوچه خرمایی,450,59.3,6.2,21,1.7,63,47,127,109
1303,آبجو (حرام در دین مبین اسلام),43,3.6,0.5,0,0,6,4,12,10
1310,کاچی,185,36,0,3.4,0.6,26,19,52,45
1312,بیسکویت مادر,464,68,8,11.6,1.5,65,49,131,113
1314,دارابی,38,10,0.8,0,1,5,4,10,9
1311,بیسکویت پتی بور,440,70,4,16,1.5,62,46,125,107
1317,سس خردل,66,5,4.4,4,3.3,9,7,18,16
1318,بستنی زمستانی,393,67,2,13,0.1,55,41,111,95
1319,پنیر فتا / پروبیوتیک کم چرب,137,6.6,12,7,2,19,14,38,33
1315,چای ترش خشک,37,7,0.4,0.7,0.3,5,3,10,9
1316,زیره,333,50,20,15,38,47,35,94,81
1323,نان لواش سبوسدار,260,55,8,1.2,4,36,27,73,63
1313,آب لیمو شیرین,35,7,0.5,0,0,4,3,9,8
1324,سالاد فصل با سس,130,6.8,2.1,11.1,1.3,18,13,36,31
1320,پروتئین وی ,384,18.1,62.7,5.6,0,54,40,109,93
1325,کوکو کدو,137,5,4.5,11,2.5,19,14,38,33
1326,اشترودل,318,50,5,11,1.2,45,33,90,77
1322,بیسکویت بدون قند سبوسدار,420,48.7,4,24.4,3.2,59,44,119,102
1321,نان تافتون سه نان,283,58,11,0.8,4.2,40,30,80,69
1327,پیتزا با قارچ و گوشت,225,22,12,10,2,31,23,63,54
1329,نان پیتا,275,56,9,1.2,2.2,39,29,78,67
1330,نان کامل / Whole wheat ,247,47,13,3.4,7,35,26,70,60
1331,سوپ مرغ و گوجه فرنگی و قارچ,35,4,3,2,0.1,4,3,9,8
1335,ترخینه,145,22,5,5,1.5,20,15,41,35
1336,,,,,,,,,,
1337,بیسکویت کوکی سبوسدار رژیمی,419,48.7,2.1,24,3.3,59,44,119,102
1333,بیسکویت جمانه,423,57.6,9,17.2,2,60,45,120,103
1338,ته دیگ ماکارونی,284,25,10,16,1.2,40,30,80,69
1339,پنیر ورقه ای گودا,356,2.2,25,27,0,50,37,101,86
1340,پنیر ورقه ای چدار,402,1.3,25,33,0,57,42,114,98
1334,ماست کم چرب فیبردار / رامک,51,6.3,4.2,1,1.5,7,5,14,12
1332,ران مرغ بریان شده بدون پوست,176,0,25.8,7,0,25,18,50,42
1341,ماست پروبیوتیک نیم چرب,54,4,4,2.5,0,7,5,15,13
1343,قهوه اسپرسو,9,1.7,0.1,0.2,0,1,0,2,2
1344,آبگوشت / آب گوشت,25,0,4,1,0,3,2,7,6
1345,کنسرو عدسی,90,12,6,2.3,6,12,9,25,21
1347,چای سفید,0,0,0.1,0,0,0,0,0,0
1328,پیتزا با قارچ و مرغ,216,22,12,8,2,30,23,61,52
1348,اسنک گوشت و قارچ,284,36.8,14.2,9,3.4,40,30,80,69
1349,اسنک مرغ,257,36.8,14.2,6,3.4,36,27,73,62
1351,قرص نعناع دارچینی,360,90,0,0,0,51,38,102,87
1354,,,,,,,,,,
1350,خوراک گوشت ,285,8,16,16,1.4,40,30,81,69
1356,ژلاتین آماده شده,62,14,1.2,0,0,8,6,17,15
1352,ویفر روکش دار کاکائویی,512,61.3,5.2,28.4,1,72,54,145,124
1357,سیب زمینی تنوری,93,21,2.5,0.1,2.2,13,9,26,22
1342,ماست پروبیوتیک کم چرب,45,4.8,4.3,1.2,0,6,4,12,10
1359,سالاد فصل بدون سس,23,5,1.3,0.3,1.3,3,2,6,5
1360,تخم کدو تنبل / تخمه کدو تازه,285,34,12,12,12,40,30,81,69
1361,ماست یونانی کم چرب,49,4.2,4.9,1.5,0,6,5,13,11
1363,تره فرنگی,61,14,1.5,0.3,1.7,8,6,17,14
1364,تافی ترش,447,38.6,9.3,55,4,63,47,127,109
1346,خوراک کله گنجشکی (قلقلی),197,8,21,9,4.6,28,20,56,48
1358,دانه چیا,486,42.1,16.5,30.7,34.4,69,51,138,118
1355,پودر ژلاتین,335,0,86,0.1,0,47,35,95,81
1366,چغاله بادام,30,4,1,0.2,2,4,3,8,7
1367,مغز پسته خام,562,28,20,45,10,79,59,159,137
1365,کنگر فرنگی / آرتیشو,47,11,3.3,0.2,5,6,5,13,11
1369,شکلات غلات رژیمی / OAT,499,60.8,6.4,24.7,4.1,70,53,141,121
1370,حلیم بادمجان,167,16.4,12.8,5.5,1.9,23,17,47,40
1368,گندم سیاه,343,72,13,3.4,10,48,36,97,83
1371,عناب خشک,287,74,3.7,1.1,0,40,30,81,70
1373,ساندویچ فلافل,244,25,9,12,1,34,26,69,59
1374,نان تیری,240,70,10,2,4,34,25,68,58
1375,کنسرو سس ماکارونی,122,8,2,9,0,17,13,34,29
1372,کره بادام هندی,588,20,25,50,6,83,62,167,143
1377,خامه کاکائویی,286,3,2,30,0,40,30,81,69
1379,مربا آلبالو,247,60,0.5,0,0.1,35,26,70,60
1380,نوشیدنی دنت (دسر شیری),90,13,4,2.5,0.2,12,9,25,21
1376,نان لایه ای حاوی گردو,432,40,6,27.4,3,61,46,122,105
1378,پیراشکی گوشت,284,36.8,14.2,9,3.4,40,30,80,69
1381,دنت (دسر شیری),132,18,4,5,1,18,14,37,32
1382,دنبه,900,0,0,100,0,127,95,255,219
1383,خورشت ماست,194,29.7,11.2,3.3,2,27,20,55,47
1386,ته دیگ برنج,308,34,3.2,20,0.9,43,32,87,75
1384,کاپوچینو بدون شکر,438,58,20,14,1,62,46,124,106
1389,چای دارچین,2,0.5,0,0,0,0,0,0,0
1385,پنیر شهری گلپایگان,205,1.5,14,16,0,29,21,58,50
1390,نان کتویی / کتوژنیک,325,12,30,30,6,46,34,92,79
1391,شیر بادام,18,0.7,0.7,1.4,0.1,2,1,5,4
1387,واویشکای گوشت,147,9.3,8.5,13.4,0.5,20,15,41,35
1388,واویشکای مرغ,125,2.3,17.4,2.7,0.4,17,13,35,30
1353,شیرینی رشته خوشکار,320,51.8,6,11.5,1.8,45,34,90,78
1392,کره نارگیل,643,25,7.1,64.3,17.9,91,68,182,156
1396,تن ماهی در آب نمک,105,1,15.8,2.7,0,14,11,29,25
1393,کره بادام درختی,614,19,21,56,10,87,65,174,149
1398,بیسکویت جو (گرجی),410,58,6,17.4,6.3,58,43,116,100
1394,بیسکویت کراکر / ترد,461,57,8.4,17.4,1.5,65,49,131,112
1399,میوه کاکتوس,41,9.6,0.7,0.5,3.6,5,4,11,10
1395,نان تست جو,296,50.2,8,4.6,4,42,31,84,72
1400,آب قلم,44,1,2.8,3.2,1,6,4,12,10
1397,شیرینی کلمپه,343,43.8,9.7,16.9,2.1,48,36,97,83
1404,آب پای مرغ,40,4,2.8,1.4,1,5,4,11,9
1403,کرن بری,46,12,0.5,0.1,3.6,6,4,13,11
1405,بلغور گندم، پخته,83,19,3.1,0.2,4.5,11,8,23,20
1401,سرکه سیب,22,0.9,0,0,0,3,2,6,5
1408,,,,,,,,,,
1410,خورشت مرغ,143,3.4,12.8,8.7,1,20,15,40,34
1406,حلوای خرمایی,374,52,10,14,4.5,53,39,106,91
1407,سرکه بالزامیک,88,17,0.5,0,0,12,9,25,21
1412,ماست چکیده,94,4.8,8.8,4.4,0,13,10,26,22
1409,باقالی پلو با گوشت,225,35,14,4.5,8.5,31,23,63,54
1411,لوبیا سویا خام,446,30,36,20,9,63,47,126,108
1413,کروسان,406,46,8,21,2.6,57,43,115,99
1415,مربا توت فرنگی,225,60,0,0,0,31,23,63,54
1416,مارمالاد توت فرنگی,246,66,0.3,0,0.7,34,26,69,60
1419,شکلات نارگیلی,484,60.3,3.1,25,1.6,68,51,137,118
1414,سالاد کینوا,207,18.5,2.9,16.2,2,29,22,58,50
1421,شیشلیک با چربی کباب شده,295,0,27,19,2,41,31,83,71
1418,خورشت نعناع و جعفری,211,9.5,14.2,14,3.5,30,22,60,51
1422,شیشلیک با چربی کم کباب شده,214,0,27,10,2,30,22,60,52
1423,گوشت شتر,98,0,22,1,0,13,10,27,23
1420,مربا هلو,192,48.3,0.7,0.1,1.8,27,20,54,46
1424,جو دوسر پرک,375,70,12.5,7.5,7.5,53,39,106,91
1427,نمک هیمالیا,0,0,0,0,0,0,0,0,0
1426,نمک دریا,0,0,0,0,0,0,0,0,0
1428,بیکن / خوک (حرام در دین مبین اسلام),541,1.4,37,42,0,76,57,153,131
1425,روغن mct,800,0,0,93,0,113,85,227,195
1429,گوشت خوک کباب شده (حرام در دین مبین اسلام),242,0,13.3,27.9,0,34,25,68,59
1417,بال مرغ کبابی با پوست,205,0,24.8,12,0,29,21,58,50
1430,کوکو اسفناج,110,3.6,5.5,8,2.2,15,11,31,26
1431,کوکو مرغ,221,5.7,20.4,13,0.8,31,23,62,53
1432,مارچوبه,20,3.9,2.2,0.1,2.1,2,2,5,4
1434,چای ترش,3,0.5,0.4,0,0.3,0,0,0,0
1435,فیله ماهی سوخاری,151,14.4,4.8,7,2.4,21,16,42,36
1436,ماهی حلوا,167,0,17.1,10.9,0,23,17,47,40
1437,دل و جگر بوقلمون پخته شده,199,0.8,20.8,11.8,0,28,21,56,48
1438,دل و جگر بوقلمون خام,129,2.1,19.3,4.2,0,18,13,36,31
1439,کیک خانگی ساده,297,58,7,4.3,0,42,31,84,72
1433,ساندویچ مرغ,283,21,13,16,2,40,30,80,69
1362,اسموتی بسته بندی شده,37,8,1.2,0,0,5,3,10,9
1440,گوجه فرنگی پخته,18,4,1,0.1,0.7,2,1,5,4
1442,رشته پلویی خام,379,80,8,3,4,53,40,107,92
1443,رشته آشی خام,333,75,7,0.5,3,47,35,94,81
1402,بلوبری,57,14,0.7,0.3,2.4,8,6,16,13
1447,دوپیازه,100,13,1.5,4.9,1.4,14,10,28,24
1441,پنیر کیبی,297,0.1,11,27.7,0,42,31,84,72
1448,تخم شترمرغ,138,0.7,12.6,9.5,0,19,14,39,33
1445,کره پسته,588,20,25,50,6,83,62,167,143
1444,چای ماسالا,30,4.8,0.8,1,1.6,4,3,8,7
1449,موهیتو,87,21.6,0.1,0.1,0,12,9,24,21
1446,کره کنجد,595,21,17,54,9,84,63,169,145
1451,ماهی قزل آلا، خام,141,0,20,6,0,20,15,40,34
1453,ماهی قزل آلا، پخته,132,0,21.5,5.2,0,18,14,37,32
1455,شاه بلوط پخته,131,28,2,1.4,5,18,13,37,31
1457,ماکارونی با گوشت مرغ,165,25.1,10,2.9,1.2,23,17,46,40
1452,قیمه نثار,321,39.5,13.9,12,2.6,45,34,91,78
1454,شاه بلوط خام,131,28,2,1.3,5,18,13,37,31
1459,ماست لاکتیویا کم چرب,65,3.5,4.5,1.3,0,9,6,18,15
1456,املت قارچ,137,3.6,7.3,10.6,1.3,19,14,38,33
1458,خوراک مرغ ترش,206,7.8,12.8,14.2,2.8,29,21,58,50
1462,قوتو (قاووت),440,79,7,10,0,62,46,125,107
1460,دارچین,247,81,4,1.2,53,35,26,70,60
1465,کدو خورشتی (سبز) پخته,15,2.7,1.1,0.4,1,2,1,4,3
1461,نان سیمیت,318,41.5,8.4,13.2,4.2,45,33,90,77
1466,کدو حلوایی (تنبل) پخته,20,4.9,0.7,0.1,1.1,2,2,5,4
1464,ماست پر چرب,81,7.8,5.7,3,0,11,8,23,19
1468,ماهی سرخ شده (عمومی),157,0,20,8.5,0,22,16,44,38
1463,فیله مرغ سوخاری,257,1.8,30,13,0.1,36,27,73,62
1469,ماهی پخته شده (عمومی),131,0,21.5,5,0,18,13,37,31
1470,نخود پخته,164,27.4,8.9,2.6,7.6,23,17,46,40
1467,ماهی کباب شده (عمومی),126,0,19.5,5.4,0,17,13,35,30
1472,نان خلفه، خرفه، کشتا,250,50,8,2,5,35,26,71,60
1473,پنیر کبابی,342,0.6,22,28,0,48,36,97,83
1475,آش دندونی,122,20.5,7.7,2.8,4.2,17,13,34,29
1471,سوپ شیر,137,16,6,4,2,19,14,38,33
1477,ترافل شکلاتی,510,45,6,34,2.5,72,54,145,124
1474,پودر شیر خشک,517,52,14,28,0,73,55,147,126
1479,چلو گوشت,237,35,14,4.5,8.5,33,25,67,57
1480,نان فطیر,385,84,10,1,3,54,41,109,93
1476,بستنی معجون,263,36,5,11,0,37,28,74,64
1482,شکلات تلخ 96 درصد,527,27,4.8,44.7,0,74,56,149,128
1478,ترافل خرمایی,422,80,6,8.4,1.8,60,44,120,102
1484,کله جوش,236,6.8,12.6,18.1,0.5,33,25,67,57
1485,حمص,166,14,8,10,6,23,17,47,40
1486,نوشابه رژیمی (زیرو),0,0,0,0,0,0,0,0,0
1481,سوسیس 90 درصد,189,2,11.2,12,1.4,26,20,53,46
1483,آب زرشک,35,7,0.2,0.3,0.1,4,3,9,8
1488,پنیر موتزارلا,280,3.1,28,17,0,39,29,79,68
1489,نان خشک,321,63,10,2.1,7,45,34,91,78
1490,اسموتی,85,16.8,2.7,0.8,1.4,12,9,24,20
1487,پروتئین تغلیظ شده شیر پگاه (mpc),273,0,65,1.5,0,38,29,77,66
1494,ران مرغ خام با پوست,219,0.3,16,17,0,31,23,62,53
1495,ران مرغ خام بدون پوست,177,0,24,8,0,25,18,50,43
1491,مکمل گلوتامین,400,0,400,0,0,56,42,113,97
1493,پوره سیب زمینی,88,15,1.7,2.8,1.3,12,9,25,21
1492,مکمل bcAA,400,0,400,0,0,56,42,113,97
1498,پلو / برنج سفید / کته بدون روغن,130,28.2,2.7,0.3,0.4,18,13,36,31
1499,دمپختک باقالی,145,19,7,5,1.8,20,15,41,35
1497,ساق ران مرغ,159,0.1,18,9,0,22,16,45,38
1503,آش برنج,127,25.1,6.5,1.8,4.7,18,13,36,30
1504,آش عدس (پرپوله),116,28.4,7,2.8,4.2,16,12,32,28
1496,ران مرغ پخته با پوست,232,0,23,15,0,32,24,65,56
1500,حریره بادام,253,33,10,9,2,35,26,71,61
1501,کلم قمری,27,6,1.7,0.1,0.1,3,2,7,6
1502,آش شوربا (با گوشت),121,17.8,8.8,3.4,3.9,17,12,34,29
1507,آش ماش,182,26.7,11.5,5.1,4.1,25,19,51,44
1508,آش شلغم,82,16.1,4,0.5,3.4,11,8,23,20
1505,آش غوره (با گوشت),121,14.5,7.9,3.8,2.8,17,12,34,29
1509,کیک فنجانی / کاپ کیک,305,67,4.3,3.7,4.3,43,32,86,74
1511,اردک ماهی سرخ شده,119,0,24.5,1.6,0,16,12,33,29
1506,آش انار (با گوشت),135,18.9,8.6,4.2,2.5,19,14,38,32
1513,بورانی ماست و کدو سبز,61,7,5,2,1,8,6,17,14
1510,اردک ماهی خام,93,0,19.1,1.2,0,13,9,26,22
1515,شیرینی خشک,558,65,6,24,1.5,79,59,158,136
1517,ماهی کپور سرخ شده,162,0,22.9,7.2,0,23,17,46,39
1518,نودل پخته,138,25,5,2,0,19,14,39,33
1514,خوراک لوبیا سبز,114,8.2,12.3,3.5,1.5,16,12,32,27
1516,آرد نارگیل,445,52.9,18.8,17.7,9.4,63,47,126,108
1512,خورشت ترش تره,200,10,18,10,2,28,21,56,48
1522,آجیل شیرین,328,30.7,7.9,19.3,7.9,46,34,93,80
1523,شیر 1/2 درصد پاستوریزه,42,5,3.4,1,0,5,4,11,10
1520,ساندویچ سوسیس بندری,265,23,4,16,2,37,28,75,64
1524,کوردن بلو,228,9.3,25,9.4,0.6,32,24,64,55
1519,آب قلم کم چرب,36,1,2.8,2,1,5,3,10,8
1525,پلو بلغور گندم (خراسانی),113,16.8,4.4,3.7,2.3,16,12,32,27
1521,سویق,317,72.6,12,2,15.4,45,33,90,77
1526,انرژی بار,403,71.3,4.8,15.2,8.7,57,42,114,98
1527,گندم پرک,326,82.6,13,4.3,173.9,46,34,92,79
1532,جانبو شلز,342,71.4,13.1,1.3,2,48,36,97,83
1528,گرانولا,471,64,10,20,5,66,50,133,114
1534,فت بمب,393,25,10.7,32.1,3.6,55,41,111,95
1529,موسلی,400,51.3,8.8,20,6.3,56,42,113,97
1530,باقلوا استانبولی,428,37.6,6.7,29,2.6,60,45,121,104
1535,بولت پروف,59,0.2,0.3,6.4,0,8,6,16,14
1450,جوانه سبز گندم,50,8.6,5.1,1.8,1.9,7,5,14,12
1536,رطب,275,67.5,2.5,0,5,39,29,78,67
1537,شربت سکنجبین,159,40.3,0,0,0,22,16,45,38
1538,کماج همدان,426,65,8.6,15.4,2.6,60,45,121,103
1540,آش گوجه,175,18.7,3.5,11.9,3.2,24,18,49,42
1541,کرم فندق,755,6,15,73,0,107,80,214,184
1544,چای نبات,15,3.9,0,0,0,2,1,4,3
1545,آش کشک,131,20.7,10.4,2.7,2.7,18,13,37,31
1542,دسر کونافه,489,43.8,6.2,33.6,2.4,69,52,139,119
1543,,,,,,,,,,
1539,آش گوشواره (جوشواره),254,28.1,10.3,13,3.1,36,27,72,61
1533,نان یوخه یا شیرینی کاک,411,64.5,8.1,13.9,2.3,58,43,116,100
1547,شیر قهوه (پاستوریزه),81,19,0.8,0.5,0,11,8,23,19
1546,حلوای هویج,309,47.9,2.9,12.1,1.4,43,32,87,75
1549,نان تست جو دوسر,292,52.8,9.2,4.8,4.4,41,31,83,71
1552,سیر قلیه,142,11.5,10.3,6.2,3,20,15,40,34
1553,حلیم جو,155,28.7,5.8,2.3,4.8,22,16,44,37
1548,شیره توت,269,61.3,9,2.4,10.6,38,28,76,65
1551,سالاد سزار,144,8,8.6,8.8,1,20,15,40,35
1554,قلیه کدو,82,13.1,4.7,1.8,2.6,11,8,23,20
1531,کیک یخچالی,229,37.9,3.9,7.3,0.3,32,24,65,55
1550,بلغور جو,354,71.7,12.5,2.3,17.3,50,37,100,86
1556,کدو تنبل سرخ شده,97,4.7,0.6,8.8,1.2,13,10,27,23
1558,نان جو دو سر سه نان,190,55,13.3,0.5,11,27,20,54,46
1555,خوراک هویج و لوبیا,72,14.9,3.5,0.4,4.6,10,7,20,17
1562,کره گوسفندی,714,0,8.6,80,0,101,76,203,174
1557,سیب گلاب,52,13.7,0.3,0.2,2.4,7,5,14,12
1559,خارک یا خرمای نارس (خرمای نور),282,74.6,2.8,0,8.5,40,30,80,68
1563,بلیسیمو کاله شکلاتی,134,14,15.4,3,1.9,19,14,38,32
1560,,,,,,,,,,
1564,بلیسیمو کاله چیز کیک لیمو,148,16,15.4,3,1.9,21,15,42,36
1566,بلیسیمو کاله توت وحشی,146,15.2,15.4,3,1.9,20,15,41,35
1561,تلاویچ,95,3.1,12.5,1.9,0,13,10,27,23
1569,,,,,,,,,,
1567,تن ماهی در روغن زیتون (روغن گرفته شده),196,0,26.8,8.9,0,27,20,55,47
1570,تخم شربتی,462,53.8,15.4,19.2,7,65,49,131,112
1571,ماهی راشگو,146,0,19,7.1,0,20,15,41,35
1565,بلیسیمو کاله وانیلی,142,15,15.4,3,1.9,20,15,40,34
1573,ماهی بیاح (کفال خاکستری),83,0,14.1,2.9,0,11,8,23,20
1574,ماهی سنگسر ,84,0,0,0,0,11,8,23,20
1575,ماهی زوری یا گاریز (کفال),150,0,24.8,4.8,0,21,15,42,36
1568,شکلات تلخ 90 درصد,600,30,10,53.3,4,85,63,170,146
1576,ماهی شانگ (تیلاپیا),128,0,26.2,2.6,0,18,13,36,31
1577,ماهی سرخو,104,0.1,20.8,2.3,0,14,11,29,25
1572,ماهی سبور,263,0,22.1,19.6,0,37,28,74,64
1578,ماهی خارو,158,0,18,9,0,22,16,44,38
1579,ماهی زبون,85,0,15.3,2.4,0,12,9,24,20
1580,ماهی خطیروک,124,0,22.6,3.1,0,17,13,35,30
1583,نان چاباتا,244,43.6,10.3,2.6,1,34,26,69,59
1584,ترشی میوه مخلوط,123,25.3,2,0.6,4.3,17,13,34,30
1585,نخود فرنگی پلو,145,21,4,5,0.2,20,15,41,35
1586,شنیسل مرغ,297,16.3,15.6,18.8,0.9,42,31,84,72
1588,توت سفید خام,43,10,1.3,0.7,0.3,6,4,12,10
1589,کپه (کبه),192,19.2,13.5,6.7,1,27,20,54,46
1581,مارماهی,236,0,23.5,15,0,33,25,67,57
1590,,,,,,,,,,
1592,رایس کیک,388,80.2,6.2,0,0.1,55,41,110,94
1582,ماهی صافی,98,1,21,1.3,1,13,10,27,23
1593,,,,,,,,,,
1591,شکلات گلاسه,152,24.1,4.3,4.5,0.8,21,16,43,37
1596,نان تست بدون گلوتن,277,53.3,0,3.3,1,39,29,78,67
1599,پیراشکی سویا و گوشت,469,42,30.3,20,4.9,66,49,133,114
1594,حلوا زرده همدان,51,3,1.2,3.9,0.1,7,5,14,12
1595,خورشت ریواس,101,3.5,7.6,6.6,6.3,14,10,28,24
1597,,,,,,,,,,
1601,گوش فیل,374,53.6,9.2,13.2,1.6,53,39,106,91
1598,شکلات کاکائویی,548,61,4.9,31.4,1.1,77,58,155,133
1600,آش بادمجان,201,22,9.1,8.3,4.4,28,21,57,49
1602,قلیه دزفولی,118,15.9,5.4,3.9,2.1,16,12,33,28
1604,شیر پسته,140,17.2,5.1,6.2,1.3,19,14,39,34
1606,بز قرمه,159,8.5,8.7,10.4,1.9,22,16,45,38
1603,مرغ شکم پر,272,21.3,18.3,13.4,3.1,38,28,77,66
1605,کوکو باقلا,104,11.3,5.2,4.6,2.5,14,11,29,25
1607,مگشت (پلو جنوبی),202,29.6,8.8,5.8,2.1,28,21,57,49
1608,خورشت گوجه سبز و چاقاله بادام,109,4.5,10.9,5.3,1.1,15,11,30,26
1609,خورشت باقلا سبز,127,8.2,12.3,5,2.7,18,13,36,30
1610,لازانیا اسفناج,131,16.2,6.7,4.7,2.1,18,13,37,31
1611,خیار چنبر,15,3,1,0,1,2,1,4,3
1616,,,,,,,,,,
1612,ترشی آلبالو,50,12,1,0,1.6,7,5,14,12
1614,سویا آجیلی,471,33.6,35.2,25.4,17.7,66,50,133,114
1613,تخم کبک,158,0.4,13.1,11.1,0,22,16,44,38
1617,کیک رژیمی,262,56.7,3,2.7,1.9,37,27,74,63
1618,,,,,,,,,,
1615,پاچه پخته,267,0,26.4,16.8,0,37,28,75,65
1619,سس آلفردو,332,8.4,6.1,31,0.1,47,35,94,80
1620,,,,,,,,,,
1624,نان نیمه آماده (نان پیتزا),411,45.5,10,21.3,3,58,43,116,100
1627,اریتریتول,0,100,0,0,0,0,0,0,0
1626,استویا (برگ شیرین),150,99.5,0,0,92,21,15,42,36
1621,,,,,,,,,,
1622,,,,,,,,,,
1623,نان تست منجمد بدون گلوتن,424,67.2,3.8,15.7,0,60,45,120,103
1628,پودر تارتار,258,61.5,0,0,0.2,36,27,73,62
1625,آرد بادام,573,19.6,21,50.3,10.8,81,61,162,139
1629,پودر اسفرزه,300,100,0,0,75,42,31,85,73
1630,دانه خاکشیر,0,0,27.5,33,0,0,0,0,0
1632,پودر وانیل,357,71.4,7,0,0,50,38,101,87
1587,شنیسل میگو,262,22.4,15,12.2,0.1,37,27,74,63
1635,پیتزا شیکاگو,303,15.3,12.6,21.5,0.6,43,32,86,73
1631,بیکینگ پودر,53,27.7,0,0,0.2,7,5,15,12
1636,نان سیر,317,38.7,8,14.8,1.7,45,33,90,77
1637,پیتزا سیر,243,29,10.4,9.6,1.8,34,25,69,59
1638,پیتزا تن ماهی و ذرت اسلایس,308,30.5,14.7,16,2.7,43,32,87,75
1633,صمغ زانتان,333,83.3,0,0,83.3,47,35,94,81
1634,پودر پروتئین کازئین,367,0,80,0,0,52,39,104,89
1639,پیتزا مخلوط,263,34.1,8.3,10.4,2.3,37,28,74,64
1642,انبه خشک,332,78.7,1.7,2.1,1.7,47,35,94,80
1643,پیتزا یونانی,250,20,9,9,2,35,26,71,60
1644,پیتزا زبان,277,24.6,15.1,13.1,1.4,39,29,78,67
1645,پیتزای بورک (پیتزا رولی),240,30,9,11,2,34,25,68,58
1646,,,,,,,,,,
1647,پیتزا ایتالیایی مرغ و قارچ,277,32.4,14.9,10,2.7,39,29,78,67
1640,ذرت شیرین پخته,108,25,2.3,1.2,3,15,11,30,26
1649,توت فرنگی خشک,343,85.7,0,0,0,48,36,97,83
1650,یاقوتی,104,27,1,0,1,14,11,29,25
1641,نشاسته ذرت,381,91.3,0.3,0.1,1.1,54,40,108,92
1648,پیتزا قارچ و گوشت,267,23.8,13.2,13.2,1.9,37,28,75,65
1654,پودر پسیلیوم,378,88.9,0,0,77.8,53,40,107,92
1655,جلاتو با شکر,194,26.5,4.1,7.9,0.5,27,20,55,47
1656,سیر سیاه,330,66,13.2,0,0,46,35,93,80
1651,گندم بوداده,500,57.5,15,20,12.5,71,53,142,121
1652,یخمک,80,19.5,0,0,0,11,8,22,19
1658,شیر خشک اسکیم (بدون چربی),363,54,30,0.1,0,51,38,103,88
1659,پودر سویا ایزوله شده,386,3.3,89.1,3.3,0,54,41,109,94
1653,عسلک,325,80,0.4,0,0,46,34,92,79
1657,املت بدون تخم مرغ (وگان),423,61,12,13,7,60,45,120,103
1662,شله مشهدی,240,15,10,15,4,34,25,68,58
1663,بلغور جو دوسر فوری,372,76.7,10,5.4,7.2,52,39,105,90
1664,ماهیچه,266,2.6,26.7,15.7,0.6,37,28,75,64
1666,نان عراقی,360,76,10,1.1,2,51,38,102,87
1660,پودر سفیده تخم مرغ,400,0,80,0,0,56,42,113,97
1661,قتلمه,545,57,5,33.5,1.3,77,58,154,132
1670,پنیر پیتزا وگان,268,3.3,3.5,28.1,2.5,38,28,76,65
1665,جلاتو بدون شکر,130,12.7,4.1,7.9,0.5,18,13,36,31
1671,همبرگر گیاهی,145,14.9,7.9,7.9,5.3,20,15,41,35
1667,ملون,36,9.1,0.5,0.1,0.8,5,3,10,8
1668,,,,,,,,,,
1673,حلوا سیاه,486,68.1,6.5,23.1,5.9,69,51,138,118
1669,گوشت چرخ کرده مخلوط,210,0,19,14.2,0,29,22,59,51
1674,انارویج,213,11,8.1,16.2,1.7,30,22,60,51
1676,خورشت اسفناج با مرغ,144,7.3,11.2,8.2,1.8,20,15,40,35
1675,کوکو گردو,248,7.2,8.4,21.7,1.8,35,26,70,60
1672,سوسیس گیاهی,215,6.8,23.9,11.4,1.1,30,22,61,52
1680,برنج بوداده یا برنجک,430,84.5,8.1,5.4,1,61,45,122,104
1683,کاسه کبابی,363,5.3,24.5,27.1,0.5,51,38,103,88
1677,شیره نیشکر,269,73,0,0,0,38,28,76,65
1679,سوسیس مرغ,191,4.3,14.6,12.5,0,27,20,54,46
1678,خورشت نخودفرنگی,185,4,11.3,13.6,0.9,26,19,52,45
1684,بورک گوشت,240,34.5,7.6,8.4,1.3,34,25,68,58
1681,خورشت فاصولیه,116,8,8,4,8,16,12,32,28
1682,پیچاق قیمه,250,2.8,15.3,19.6,1,35,26,71,60
1686,خورشت قیمه بادمجان,200,6.3,11.3,14,1.9,28,21,56,48
1689,سوسیس تخم مرغ,283,0.7,15.4,23.8,0,40,30,80,69
1690,غوره مسما,177,11,13.4,9.2,2,25,18,50,43
1685,بورک مرغ,350,17.5,23.5,20.9,0.9,49,37,99,85
1691,سیرابیج,183,17,8.7,9.5,1.1,26,19,52,44
1692,پودر اسپرولینا,290,23.9,57.5,7.7,3.6,41,30,82,70
1688,ارده شکلاتی,533,52.8,13.2,30,6.6,75,56,151,130
1693,هلو انجیری,39,10,0.9,0.3,1.5,5,4,11,9
1695,خورشت انار,126,11.5,8.3,5.5,1.9,17,13,35,30
1696,چکدرمه,180,20.2,9.1,73,2.1,25,19,51,43
1697,کال کباب,61,11.3,1.7,1.6,2.5,8,6,17,14
1699,آش قلیه,152,23.5,9.8,4.4,5.1,21,16,43,37
1687,اکبر جوجه (فقط مرغ),264,0.4,27.4,16.3,0,37,28,75,64
1694,نان پروتئین سه نان,283,44,20,3,13,40,30,80,69
1700,آش میوه اردبیل,191,36,8.7,3.3,3.3,27,20,54,46
1701,,,,,,,,,,
1703,سس سالاد سزار,515,7.8,10.2,49.4,0.9,73,54,146,125
1698,شیرین تره,46,4.3,4.2,1.8,1.9,6,4,13,11
1706,قاتلاما,330,68.3,8.2,2,2.1,46,35,93,80
1708,راویولی پنیری با سس,131,17.8,5.1,4.4,1.2,18,13,37,31
1702,کاهو فرانسوی,13,2.3,1.3,0.2,0.9,1,1,3,3
1709,سوپ برش / کلم,22,5,0.7,0.1,1,3,2,6,5
1704,سس پنیر,508,16.5,1,39.6,0,72,54,144,123
1712,گولاش,105,6.6,5.1,6.5,1,14,11,29,25
1714,بستنی ماراش استانبولی,175,29,4,4,0,24,18,49,42
1710,آکروشکا,95,6,4.5,6,1,13,10,27,23
1705,خورشت ماست هندی,142,7.6,12.7,6.8,0.9,20,15,40,34
1711,مالتاشن,214,24,11,8.2,1.6,30,22,60,52
1716,کاچی بدون شکر,100,4,1,9,1,14,10,28,24
1718,شیر برنج بدون شکر,66,11.3,3.2,0.8,0.4,9,7,18,16
1713,بستنی سوهان میهن,272,21.9,3.8,18.9,0,38,28,77,66
1715,بال مرغ سوخاری,275,1.3,22.4,19.4,0.1,39,29,78,67
1720,پودر ماسالا,238,44.1,7.8,10.1,20.5,33,25,67,58
1717,ماهی مطنجه,177,6.3,9.9,12.5,0.5,25,18,50,43
1721,سوپ پای مرغ,127,13.6,7.3,4.9,2.4,18,13,36,30
1719,ارده خرما,428,44.5,9,25.4,2.8,60,45,121,104
1723,کوکتل پنیری,327,5,14,29,3,46,34,92,79
1724,هسته زردآلو,520,41.7,20.8,41.7,0,73,55,147,126
1707,باسترمه,243,32,7.2,6,1.4,34,25,69,59
1722,ماهی کولی سرخ شده,207,0,26.1,10.7,0,29,22,58,50
1726,تخم مرغ نیمرو با کره,180,0.7,11.8,14.2,0,25,19,51,43
1727,تخم مرغ نیمرو بدون روغن,143,0.7,12.5,9.5,0,20,15,40,34
1729,دوغ کم چرب,25,1.9,2.1,1,0,3,2,7,6
1725,آلبالو وزن شده با هسته,33,8.1,0.7,0.2,1.1,4,3,9,8
1728,قند حبه,387,100,0,0,0,55,41,110,94
1733,سالاد لوبیا قرمز,180,15.7,5.4,11.3,4.1,25,19,51,43
1731,سالاد پاستا از آرد کامل با سبزیجات,197,27.1,5.6,9.6,5.5,28,20,56,48
1734,نوشابه سون آپ,32,0,0,0,0,4,3,9,7
1735,لیموناد گازدار,40,10.1,0.1,0,0,5,4,11,9
1730,سالاد پاستا با سبزیجات,136,15.1,3,7.5,2,19,14,38,33
1732,سالاد لوبیا چشم بلبلی,64,13.3,2.1,0.4,2.9,9,6,18,15
1739,گوشت چرخ کرده، پخته,193,0,26.2,8.9,0,27,20,54,47
1738,سس پستو,424,7.6,10.3,42,2.1,60,45,120,103
1742,گوشت اردک (با پوست) پخته,337,0,19,28.4,0,47,35,95,82
1740,باقالی پلو با تن ماهی,168,12.4,10,7.5,1.2,23,17,47,40
1736,جو دوسر پرک پخته (اوتمیل),71,12,2.5,1.5,1.7,10,7,20,17
1741,خوراک نخود,117,17.2,4,3.7,3.5,16,12,33,28
1737,گرانولا رژیمی (بدون کاکائو، خرما و حداقل عسل),286,39.2,6.3,12.3,5.5,40,30,81,69
1746,پنیر کوزه پاستوریزه (بسته بندی),319,0,0,28,0,45,33,90,77
1743,سینه اردک، کباب شده,140,0,27.6,2.5,0,19,14,39,34
1747,خوراک قارچ و سیب زمینی,107,9.6,1.7,7.5,1.8,15,11,30,26
1748,ارزن خام,378,72.8,11,4.2,8.5,53,40,107,92
1749,ارزن پخته,119,23.7,3.5,1,1.3,16,12,33,29
1744,ران اردک بدون پوست، پخته,178,0,29.1,6,0,25,18,50,43
1745,ران اردک با پوست، پخته,217,0,26.8,11.4,0,30,23,61,52
1752,شکلات مغزدار (اسنیکرز),488,62.8,6.9,24.4,1.9,69,52,138,119
1753,شکلات تلخ 72 درصد (70-85),598,45.9,7.8,42.6,10.9,85,63,170,145
1754,کامکوات,71,15.9,1.9,0.9,6.5,10,7,20,17
1755,گلابی آسیایی,51,10.6,0.5,0.2,3.6,7,5,14,12
1756,نان گِرده روستا یا محلی,267,44.4,5.4,8,0.8,37,28,75,65
1757,مرغ پرتقالی,130,4.1,10.3,8.3,0.6,18,13,36,31
1751,گندم، پحته,132,27.6,5.7,0.8,4.3,18,14,37,32
1759,مربا کامکوات,244,61.9,0.8,0.6,2.9,34,26,69,59
1760,کلوچه فومن,414,60.4,7.3,16.3,1.6,58,44,117,100
1761,ترشی گل کلم,24,3.9,0.9,0.1,1.3,3,2,6,5
1763,ترشی کلم قرمز,30,5.9,1.1,0.1,1.7,4,3,8,7
1764,حلوا لوز (شیرینی),365,45,6.3,18.2,2.4,51,38,103,89
1758,گوشت گنجشک,132,0.1,18.1,5.9,0,18,14,37,32
1767,پنیر یونانی (آلیما),210,6.5,10,16,0,29,22,59,51
1762,ترشی فلفل,33,6.6,1.4,0.1,1.1,4,3,9,8
1768,آش گندم,98,16.9,5,1.6,3.6,13,10,27,23
1765, چلغوز یا جلغوزه,673,13.1,13.7,68.4,3.7,95,71,191,164
1766,ماست ایسلندی بدون چربی (کاله),62,0,10,0,0,8,6,17,15
1771,ماهی سالمون خام,208,0,20.4,13.4,0,29,22,59,50
1750,آش توکی,58,11.8,1.8,0.5,1.1,8,6,16,14
1769,دسر رنگینک,404,54.9,6,20.1,5.3,57,43,114,98
1773,ماهی کیلکا,157,0,23,6.5,0,22,16,44,38
1774,آلو خورشتی,240,63.9,2.2,0.4,7.1,34,25,68,58
1775,سالاد ماکارونی بدون سس,102,19.4,4.5,0.7,1.9,14,10,29,24
1772,ماهی سفید کبابی,112,0,24.4,1.3,0,15,11,31,27
1770,نان فسا شیرازی,463,60.4,7.3,21.9,2.6,65,49,131,112
1779,بریونی,302,1.5,16.7,25.1,0,42,32,85,73
1782,کلم بروکلی پخته ,35,7.2,2.4,0.4,3.3,4,3,9,8
1783,کلم بروکلی سرخ شده/ سوخاری,58,6.5,2.1,7.4,3,8,6,16,14
1778,بادام زمینی بوداده (با نمک),597,21.3,24.4,49.7,8.4,84,63,169,145
1776,فیله مرغ پخته,158,0,32.1,3.2,0,22,16,44,38
1780,کنجد بو داده بدون نمک,565,25.7,17,48,14,80,60,160,137
1781,گل کلم سرخ شده,84,3.9,1.7,7.4,2.2,11,8,23,20
1786,مرغ چرخ کرده سرخ شده ,189,0,23.5,10.9,0,26,20,53,46
1787,لوبیا سیاه پخته,130,24.4,8.2,0.4,8.3,18,13,36,31
1784,کتلت مرغ,200,8,9,14,1,28,21,56,48
1788,خمیر یوفکا,320,64,10,2,2,45,34,90,78
1789,پشن فروت,97,23.4,2.2,0.7,10.4,13,10,27,23
1790,جک فروت,959,23.3,1.7,0.6,1.5,136,102,272,233
1785,مرغ چرخ کرده خام ,143,0,17.4,8.1,0,20,15,40,34
1793,سس قارچ,145,7,6,11,1,20,15,41,35
1794,ران مرغ کامل، سرخ شده,254,2.5,26.8,14.4,0.1,36,27,72,61
1795,ران مرغ کامل، پخته,190,0,24.8,9.2,0,27,20,54,46
1791,کلم بروکسل سرخ شده,59,6.4,2.3,3.5,2.3,8,6,16,14
1792,پیاز داغ,346,39.3,4.8,18.5,2.5,49,36,98,84
1798,کتف مرغ پخته,253,0,23.7,16.9,0,35,26,71,61
1799,کتف مرغ سرخ شده,318,0,27,22.6,0,45,33,90,77
1796,پودینگ دانه چیا (شیر، دانه چیا، عسل),206,23.8,7,10.4,10.3,29,21,58,50
1800,موز خشک شده,346,88.3,3.9,1.8,9.9,49,36,98,84
1797,کتف مرغ کبابی,253,0,23.7,16.9,0,35,26,71,61
1802,کدو تنبل پخته (حلوایی),20,4.9,0.7,0.1,1.1,2,2,5,4
1804,لواشک انجیر,172,2,0,0.4,5.6,24,18,48,41
1803,پیراشکی مرغ,271,23,15,13,1,38,28,77,66
1801,کدو تنبل خام (حلوایی),26,6.5,1,0.1,0.5,3,2,7,6
1806,لبو پخته,44,10,1.7,0.2,2,6,4,12,10
1807,جوجه کباب با استخوان,237,0,27,13.5,0,33,25,67,57
1809,گز آردی 28 درصد,424,69,7,14,0,60,45,120,103
1805,مرغ چرخ کرده، پخته,189,0,23.3,11,0,26,20,53,46
1812,سیر سرخ شده (سیر داغ),303,26,5,21,1.7,43,32,86,73
1810,گز آردی 35 درصد,385,56.4,7.4,15.7,0,54,41,109,93
1808,پودینگ برنج,110,19,4,2,2,15,11,31,26
1813,قیمه و کَورگ غذای کردی (گوشت و تره),217,9,15,13,1,30,23,61,52
1814,لیمو شیرازی,30,10.5,0.7,0.2,2.8,4,3,8,7
1815,لیمو سنگی,29,9.3,1.1,0.3,2.8,4,3,8,7
1811,گز آردی 42 درصد,457,60,10,20,0,64,48,129,111
1818,پودینگ خرما,238,49.6,2.3,4.9,3.7,33,25,67,58
1816,کباب بناب,248,0.8,20.1,16.5,0.1,35,26,70,60
1817,کنوفه یا کنافه,355,46,6.1,17,1,50,37,100,86
1819,کوکو عدس,250,15,7,18,4,35,26,71,60
1777,توپک خرمایی,333,66,4,9.4,7.8,47,35,94,81
1820,نان سمون (صمون),201,43.1,5.2,0.5,1.4,28,21,57,49